Starting CMDB Server Lite in development mode...
Database: sqlite - cmdb_dev.db
 * Serving Flask app 'app'
 * Debug mode: on
[31m[1mWARNING: This is a development server. Do not use it in a production deployment. Use a production WSGI server instead.[0m
 * Running on all addresses (0.0.0.0)
 * Running on http://127.0.0.1:5000
 * Running on http://10.23.52.240:5000
[33mPress CTRL+C to quit[0m
 * Restarting with stat
 * Debugger is active!
 * Debugger PIN: 568-968-787
Starting CMDB Server Lite in development mode...
Database: sqlite - cmdb_dev.db
2026-06-01 05:38:24,665 INFO sqlalchemy.engine.Engine BEGIN (implicit)
2026-06-01 05:38:24,665 INFO sqlalchemy.engine.Engine SELECT 1 as health
2026-06-01 05:38:24,665 INFO sqlalchemy.engine.Engine [generated in 0.00038s] ()
2026-06-01 05:38:24,666 INFO sqlalchemy.engine.Engine ROLLBACK
127.0.0.1 - - [01/Jun/2026 05:38:24] "GET /api/v1/common/health HTTP/1.1" 200 -
2026-06-01 05:41:48,195 INFO sqlalchemy.engine.Engine ROLLBACK
127.0.0.1 - - [01/Jun/2026 05:41:48] "POST /api/usercustom/user/search HTTP/1.1" 200 -
2026-06-01 05:41:48,246 INFO sqlalchemy.engine.Engine BEGIN (implicit)
2026-06-01 05:41:48,246 INFO sqlalchemy.engine.Engine SELECT * FROM cc_ObjClassification ORDER BY id
2026-06-01 05:41:48,246 INFO sqlalchemy.engine.Engine [generated in 0.00044s] ()
2026-06-01 05:41:48,247 INFO sqlalchemy.engine.Engine ROLLBACK
2026-06-01 05:41:48,248 INFO sqlalchemy.engine.Engine BEGIN (implicit)
2026-06-01 05:41:48,248 INFO sqlalchemy.engine.Engine SELECT * FROM cc_ObjDes WHERE bk_classification_id = ? ORDER BY obj_sort_number
2026-06-01 05:41:48,248 INFO sqlalchemy.engine.Engine [generated in 0.00029s] ('bk_network',)
2026-06-01 05:41:48,249 INFO sqlalchemy.engine.Engine ROLLBACK
2026-06-01 05:41:48,249 INFO sqlalchemy.engine.Engine BEGIN (implicit)
2026-06-01 05:41:48,249 INFO sqlalchemy.engine.Engine SELECT * FROM cc_ObjDes WHERE bk_classification_id = ? ORDER BY obj_sort_number
2026-06-01 05:41:48,250 INFO sqlalchemy.engine.Engine [cached since 0.001674s ago] ('bk_host_manage',)
2026-06-01 05:41:48,250 INFO sqlalchemy.engine.Engine ROLLBACK
2026-06-01 05:41:48,250 INFO sqlalchemy.engine.Engine BEGIN (implicit)
2026-06-01 05:41:48,252 INFO sqlalchemy.engine.Engine SELECT * FROM cc_ObjDes WHERE bk_classification_id = ? ORDER BY obj_sort_number
2026-06-01 05:41:48,252 INFO sqlalchemy.engine.Engine [cached since 0.004165s ago] ('bk_loadbalance',)
2026-06-01 05:41:48,252 INFO sqlalchemy.engine.Engine ROLLBACK
127.0.0.1 - - [01/Jun/2026 05:41:48] "POST /api/v1/classifications/find/classificationobject HTTP/1.1" 200 -
2026-06-01 05:41:54,651 INFO sqlalchemy.engine.Engine ROLLBACK
127.0.0.1 - - [01/Jun/2026 05:41:54] "POST /api/usercustom/user/search HTTP/1.1" 200 -
2026-06-01 05:41:54,679 INFO sqlalchemy.engine.Engine BEGIN (implicit)
2026-06-01 05:41:54,679 INFO sqlalchemy.engine.Engine SELECT * FROM cc_ObjClassification ORDER BY id
2026-06-01 05:41:54,679 INFO sqlalchemy.engine.Engine [cached since 6.434s ago] ()
2026-06-01 05:41:54,680 INFO sqlalchemy.engine.Engine ROLLBACK
2026-06-01 05:41:54,680 INFO sqlalchemy.engine.Engine BEGIN (implicit)
2026-06-01 05:41:54,680 INFO sqlalchemy.engine.Engine SELECT * FROM cc_ObjDes WHERE bk_classification_id = ? ORDER BY obj_sort_number
2026-06-01 05:41:54,680 INFO sqlalchemy.engine.Engine [cached since 6.432s ago] ('bk_network',)
2026-06-01 05:41:54,680 INFO sqlalchemy.engine.Engine ROLLBACK
2026-06-01 05:41:54,680 INFO sqlalchemy.engine.Engine BEGIN (implicit)
2026-06-01 05:41:54,680 INFO sqlalchemy.engine.Engine SELECT * FROM cc_ObjDes WHERE bk_classification_id = ? ORDER BY obj_sort_number
2026-06-01 05:41:54,680 INFO sqlalchemy.engine.Engine [cached since 6.433s ago] ('bk_host_manage',)
2026-06-01 05:41:54,681 INFO sqlalchemy.engine.Engine ROLLBACK
2026-06-01 05:41:54,681 INFO sqlalchemy.engine.Engine BEGIN (implicit)
2026-06-01 05:41:54,681 INFO sqlalchemy.engine.Engine SELECT * FROM cc_ObjDes WHERE bk_classification_id = ? ORDER BY obj_sort_number
2026-06-01 05:41:54,681 INFO sqlalchemy.engine.Engine [cached since 6.433s ago] ('bk_loadbalance',)
2026-06-01 05:41:54,681 INFO sqlalchemy.engine.Engine ROLLBACK
127.0.0.1 - - [01/Jun/2026 05:41:54] "POST /api/v1/classifications/find/classificationobject HTTP/1.1" 200 -
2026-06-01 05:41:57,280 INFO sqlalchemy.engine.Engine BEGIN (implicit)
2026-06-01 05:41:57,280 INFO sqlalchemy.engine.Engine SELECT * FROM cc_ObjAttDes WHERE bk_obj_id = ? ORDER BY bk_property_index
2026-06-01 05:41:57,280 INFO sqlalchemy.engine.Engine [generated in 0.00036s] ('bk_slb_server',)
2026-06-01 05:41:57,281 INFO sqlalchemy.engine.Engine ROLLBACK
127.0.0.1 - - [01/Jun/2026 05:41:57] "GET /api/v1/models/bk_slb_server/attributes HTTP/1.1" 200 -
2026-06-01 05:41:57,341 INFO sqlalchemy.engine.Engine BEGIN (implicit)
2026-06-01 05:41:57,341 INFO sqlalchemy.engine.Engine SELECT config_key, config_value FROM user_custom WHERE user_name = ? AND config_key = ?
2026-06-01 05:41:57,341 INFO sqlalchemy.engine.Engine [generated in 0.00033s] ('admin', 'columns_bk_slb_server')
2026-06-01 05:41:57,342 INFO sqlalchemy.engine.Engine ROLLBACK
127.0.0.1 - - [01/Jun/2026 05:41:57] "GET /api/usercustom/model/bk_slb_server HTTP/1.1" 200 -
2026-06-01 05:41:57,395 INFO sqlalchemy.engine.Engine BEGIN (implicit)
2026-06-01 05:41:57,395 INFO sqlalchemy.engine.Engine SELECT * FROM "cc_ObjectBase_0_pub_bk_slb_server" ORDER BY id LIMIT ? OFFSET ?
2026-06-01 05:41:57,395 INFO sqlalchemy.engine.Engine [generated in 0.00033s] (10, 0)
2026-06-01 05:41:57,395 INFO sqlalchemy.engine.Engine ROLLBACK
2026-06-01 05:41:57,396 INFO sqlalchemy.engine.Engine BEGIN (implicit)
2026-06-01 05:41:57,396 INFO sqlalchemy.engine.Engine SELECT COUNT(*) as total FROM "cc_ObjectBase_0_pub_bk_slb_server"
2026-06-01 05:41:57,396 INFO sqlalchemy.engine.Engine [generated in 0.00022s] ()
2026-06-01 05:41:57,396 INFO sqlalchemy.engine.Engine ROLLBACK
127.0.0.1 - - [01/Jun/2026 05:41:57] "POST /api/v1/models/bk_slb_server/instances/search HTTP/1.1" 200 -
2026-06-01 05:42:14,818 INFO sqlalchemy.engine.Engine BEGIN (implicit)
2026-06-01 05:42:14,819 INFO sqlalchemy.engine.Engine SELECT * FROM cc_ObjAttDes WHERE bk_obj_id = ? ORDER BY bk_property_index
2026-06-01 05:42:14,819 INFO sqlalchemy.engine.Engine [cached since 17.54s ago] ('bk_slb_server',)
2026-06-01 05:42:14,819 INFO sqlalchemy.engine.Engine ROLLBACK
127.0.0.1 - - [01/Jun/2026 05:42:14] "GET /api/v1/models/bk_slb_server/attributes HTTP/1.1" 200 -
2026-06-01 05:42:14,942 INFO sqlalchemy.engine.Engine BEGIN (implicit)
2026-06-01 05:42:14,943 INFO sqlalchemy.engine.Engine SELECT config_key, config_value FROM user_custom WHERE user_name = ? AND config_key = ?
2026-06-01 05:42:14,943 INFO sqlalchemy.engine.Engine [cached since 17.6s ago] ('admin', 'columns_bk_slb_server')
2026-06-01 05:42:14,943 INFO sqlalchemy.engine.Engine ROLLBACK
127.0.0.1 - - [01/Jun/2026 05:42:14] "GET /api/usercustom/model/bk_slb_server HTTP/1.1" 200 -
2026-06-01 05:42:15,004 INFO sqlalchemy.engine.Engine BEGIN (implicit)
2026-06-01 05:42:15,004 INFO sqlalchemy.engine.Engine SELECT * FROM "cc_ObjectBase_0_pub_bk_slb_server"WHERE "bk_server_status" IN (?) ORDER BY "id" DESC LIMIT ? OFFSET ?
2026-06-01 05:42:15,004 INFO sqlalchemy.engine.Engine [generated in 0.00050s] ('运行中', 20, 0)
2026-06-01 05:42:15,005 INFO sqlalchemy.engine.Engine ROLLBACK
2026-06-01 05:42:15,006 INFO sqlalchemy.engine.Engine BEGIN (implicit)
2026-06-01 05:42:15,006 INFO sqlalchemy.engine.Engine SELECT COUNT(*) as total FROM "cc_ObjectBase_0_pub_bk_slb_server" WHERE "bk_server_status" IN (?)
2026-06-01 05:42:15,006 INFO sqlalchemy.engine.Engine [generated in 0.00026s] ('运行中',)
2026-06-01 05:42:15,006 INFO sqlalchemy.engine.Engine ROLLBACK
127.0.0.1 - - [01/Jun/2026 05:42:15] "POST /api/v1/models/bk_slb_server/instances/search HTTP/1.1" 200 -
2026-06-01 05:42:57,886 INFO sqlalchemy.engine.Engine BEGIN (implicit)
2026-06-01 05:42:57,887 INFO sqlalchemy.engine.Engine SELECT * FROM cc_ObjAttDes WHERE bk_obj_id = ? ORDER BY bk_property_index
2026-06-01 05:42:57,887 INFO sqlalchemy.engine.Engine [cached since 60.61s ago] ('bk_slb_server',)
2026-06-01 05:42:57,887 INFO sqlalchemy.engine.Engine ROLLBACK
127.0.0.1 - - [01/Jun/2026 05:42:57] "GET /api/v1/models/bk_slb_server/attributes HTTP/1.1" 200 -
2026-06-01 05:42:57,960 INFO sqlalchemy.engine.Engine BEGIN (implicit)
2026-06-01 05:42:57,960 INFO sqlalchemy.engine.Engine SELECT config_key, config_value FROM user_custom WHERE user_name = ? AND config_key = ?
2026-06-01 05:42:57,961 INFO sqlalchemy.engine.Engine [cached since 60.62s ago] ('admin', 'columns_bk_slb_server')
2026-06-01 05:42:57,961 INFO sqlalchemy.engine.Engine ROLLBACK
127.0.0.1 - - [01/Jun/2026 05:42:57] "GET /api/usercustom/model/bk_slb_server HTTP/1.1" 200 -
2026-06-01 05:42:58,008 INFO sqlalchemy.engine.Engine BEGIN (implicit)
2026-06-01 05:42:58,008 INFO sqlalchemy.engine.Engine SELECT * FROM "cc_ObjectBase_0_pub_bk_slb_server" ORDER BY id LIMIT ? OFFSET ?
2026-06-01 05:42:58,008 INFO sqlalchemy.engine.Engine [cached since 60.61s ago] (10, 0)
2026-06-01 05:42:58,009 INFO sqlalchemy.engine.Engine ROLLBACK
2026-06-01 05:42:58,009 INFO sqlalchemy.engine.Engine BEGIN (implicit)
2026-06-01 05:42:58,009 INFO sqlalchemy.engine.Engine SELECT COUNT(*) as total FROM "cc_ObjectBase_0_pub_bk_slb_server"
2026-06-01 05:42:58,009 INFO sqlalchemy.engine.Engine [cached since 60.61s ago] ()
2026-06-01 05:42:58,009 INFO sqlalchemy.engine.Engine ROLLBACK
127.0.0.1 - - [01/Jun/2026 05:42:58] "POST /api/v1/models/bk_slb_server/instances/search HTTP/1.1" 200 -
2026-06-01 05:43:03,485 INFO sqlalchemy.engine.Engine BEGIN (implicit)
2026-06-01 05:43:03,485 INFO sqlalchemy.engine.Engine SELECT * FROM cc_ObjAttDes WHERE bk_obj_id = ? ORDER BY bk_property_index
2026-06-01 05:43:03,485 INFO sqlalchemy.engine.Engine [cached since 66.21s ago] ('bk_slb_server',)
2026-06-01 05:43:03,485 INFO sqlalchemy.engine.Engine ROLLBACK
127.0.0.1 - - [01/Jun/2026 05:43:03] "GET /api/v1/models/bk_slb_server/attributes HTTP/1.1" 200 -
2026-06-01 05:43:03,562 INFO sqlalchemy.engine.Engine BEGIN (implicit)
2026-06-01 05:43:03,562 INFO sqlalchemy.engine.Engine SELECT config_key, config_value FROM user_custom WHERE user_name = ? AND config_key = ?
2026-06-01 05:43:03,562 INFO sqlalchemy.engine.Engine [cached since 66.22s ago] ('admin', 'columns_bk_slb_server')
2026-06-01 05:43:03,562 INFO sqlalchemy.engine.Engine ROLLBACK
127.0.0.1 - - [01/Jun/2026 05:43:03] "GET /api/usercustom/model/bk_slb_server HTTP/1.1" 200 -
2026-06-01 05:43:03,625 INFO sqlalchemy.engine.Engine BEGIN (implicit)
2026-06-01 05:43:03,625 INFO sqlalchemy.engine.Engine SELECT * FROM "cc_ObjectBase_0_pub_bk_slb_server"WHERE "bk_server_type" IN (?) ORDER BY "id" DESC LIMIT ? OFFSET ?
2026-06-01 05:43:03,626 INFO sqlalchemy.engine.Engine [generated in 0.00030s] ('ECS', 20, 0)
2026-06-01 05:43:03,626 INFO sqlalchemy.engine.Engine ROLLBACK
2026-06-01 05:43:03,627 INFO sqlalchemy.engine.Engine BEGIN (implicit)
2026-06-01 05:43:03,627 INFO sqlalchemy.engine.Engine SELECT COUNT(*) as total FROM "cc_ObjectBase_0_pub_bk_slb_server" WHERE "bk_server_type" IN (?)
2026-06-01 05:43:03,627 INFO sqlalchemy.engine.Engine [generated in 0.00023s] ('ECS',)
2026-06-01 05:43:03,627 INFO sqlalchemy.engine.Engine ROLLBACK
127.0.0.1 - - [01/Jun/2026 05:43:03] "POST /api/v1/models/bk_slb_server/instances/search HTTP/1.1" 200 -
2026-06-01 05:43:11,362 INFO sqlalchemy.engine.Engine BEGIN (implicit)
2026-06-01 05:43:11,362 INFO sqlalchemy.engine.Engine SELECT * FROM "cc_ObjectBase_0_pub_bk_slb_server" WHERE id = ?
2026-06-01 05:43:11,362 INFO sqlalchemy.engine.Engine [generated in 0.00031s] ('65',)
2026-06-01 05:43:11,362 INFO sqlalchemy.engine.Engine ROLLBACK
127.0.0.1 - - [01/Jun/2026 05:43:11] "GET /api/v1/models/bk_slb_server/instances/65 HTTP/1.1" 200 -
2026-06-01 05:43:11,414 INFO sqlalchemy.engine.Engine BEGIN (implicit)
2026-06-01 05:43:11,414 INFO sqlalchemy.engine.Engine 
            SELECT * FROM cc_InstAsst_0_pub 
            WHERE bk_inst_id = ? OR bk_asst_inst_id = ?
        
2026-06-01 05:43:11,414 INFO sqlalchemy.engine.Engine [generated in 0.00030s] ('65', '65')
2026-06-01 05:43:11,414 INFO sqlalchemy.engine.Engine ROLLBACK
127.0.0.1 - - [01/Jun/2026 05:43:11] "GET /api/v1/instances/65/associations HTTP/1.1" 200 -
2026-06-01 05:43:11,470 INFO sqlalchemy.engine.Engine BEGIN (implicit)
2026-06-01 05:43:11,470 INFO sqlalchemy.engine.Engine 
            SELECT 
                oa.bk_asst_id as bk_relation_type_id, 
                ad.bk_asst_name as bk_relation_type_name, 
                oa.bk_obj_id as bk_src_model, 
                oa.target_obj_id as bk_dst_model, 
                oa.bk_obj_asst_id,
                oa.bk_obj_asst_name
            FROM cc_ObjAsst oa
            JOIN cc_AsstDes ad ON oa.bk_asst_id = ad.bk_asst_id
        
2026-06-01 05:43:11,470 INFO sqlalchemy.engine.Engine [generated in 0.00030s] ()
2026-06-01 05:43:11,470 INFO sqlalchemy.engine.Engine ROLLBACK
127.0.0.1 - - [01/Jun/2026 05:43:11] "GET /api/v1/relations HTTP/1.1" 200 -
2026-06-01 05:43:11,528 INFO sqlalchemy.engine.Engine BEGIN (implicit)
2026-06-01 05:43:11,528 INFO sqlalchemy.engine.Engine SELECT * FROM cc_ObjAttDes WHERE bk_obj_id = ? ORDER BY bk_property_index
2026-06-01 05:43:11,528 INFO sqlalchemy.engine.Engine [cached since 74.25s ago] ('bk_slb_server',)
2026-06-01 05:43:11,528 INFO sqlalchemy.engine.Engine ROLLBACK
127.0.0.1 - - [01/Jun/2026 05:43:11] "GET /api/v1/models/bk_slb_server/attributes HTTP/1.1" 200 -
2026-06-01 05:43:11,610 INFO sqlalchemy.engine.Engine BEGIN (implicit)
2026-06-01 05:43:11,610 INFO sqlalchemy.engine.Engine SELECT * FROM "cc_ObjectBase_0_pub_bk_slb_server" ORDER BY id LIMIT ? OFFSET ?
2026-06-01 05:43:11,610 INFO sqlalchemy.engine.Engine [cached since 74.22s ago] (100, 0)
2026-06-01 05:43:11,611 INFO sqlalchemy.engine.Engine ROLLBACK
2026-06-01 05:43:11,612 INFO sqlalchemy.engine.Engine BEGIN (implicit)
2026-06-01 05:43:11,612 INFO sqlalchemy.engine.Engine SELECT COUNT(*) as total FROM "cc_ObjectBase_0_pub_bk_slb_server"
2026-06-01 05:43:11,612 INFO sqlalchemy.engine.Engine [cached since 74.22s ago] ()
2026-06-01 05:43:11,612 INFO sqlalchemy.engine.Engine ROLLBACK
127.0.0.1 - - [01/Jun/2026 05:43:11] "GET /api/v1/models/bk_slb_server/instances?page=1&page_size=100 HTTP/1.1" 200 -
2026-06-01 05:43:14,085 INFO sqlalchemy.engine.Engine BEGIN (implicit)
2026-06-01 05:43:14,085 INFO sqlalchemy.engine.Engine SELECT * FROM cc_ObjAttDes WHERE bk_obj_id = ? ORDER BY bk_property_index
2026-06-01 05:43:14,085 INFO sqlalchemy.engine.Engine [cached since 76.8s ago] ('bk_slb_server',)
2026-06-01 05:43:14,085 INFO sqlalchemy.engine.Engine ROLLBACK
127.0.0.1 - - [01/Jun/2026 05:43:14] "GET /api/v1/models/bk_slb_server/attributes HTTP/1.1" 200 -
2026-06-01 05:43:14,141 INFO sqlalchemy.engine.Engine BEGIN (implicit)
2026-06-01 05:43:14,141 INFO sqlalchemy.engine.Engine SELECT config_key, config_value FROM user_custom WHERE user_name = ? AND config_key = ?
2026-06-01 05:43:14,141 INFO sqlalchemy.engine.Engine [cached since 76.8s ago] ('admin', 'columns_bk_slb_server')
2026-06-01 05:43:14,141 INFO sqlalchemy.engine.Engine ROLLBACK
127.0.0.1 - - [01/Jun/2026 05:43:14] "GET /api/usercustom/model/bk_slb_server HTTP/1.1" 200 -
2026-06-01 05:43:14,160 INFO sqlalchemy.engine.Engine BEGIN (implicit)
2026-06-01 05:43:14,160 INFO sqlalchemy.engine.Engine SELECT * FROM cc_ObjAttDes WHERE bk_obj_id = ? ORDER BY bk_property_index
2026-06-01 05:43:14,160 INFO sqlalchemy.engine.Engine [cached since 76.88s ago] ('bk_slb_server',)
2026-06-01 05:43:14,163 INFO sqlalchemy.engine.Engine ROLLBACK
127.0.0.1 - - [01/Jun/2026 05:43:14] "GET /api/v1/models/bk_slb_server/attributes HTTP/1.1" 200 -
2026-06-01 05:43:14,189 INFO sqlalchemy.engine.Engine BEGIN (implicit)
2026-06-01 05:43:14,189 INFO sqlalchemy.engine.Engine SELECT * FROM "cc_ObjectBase_0_pub_bk_slb_server"WHERE "bk_server_type" IN (?) ORDER BY "id" DESC LIMIT ? OFFSET ?
2026-06-01 05:43:14,189 INFO sqlalchemy.engine.Engine [cached since 10.56s ago] ('ECS', 10, 0)
2026-06-01 05:43:14,189 INFO sqlalchemy.engine.Engine ROLLBACK
2026-06-01 05:43:14,189 INFO sqlalchemy.engine.Engine BEGIN (implicit)
2026-06-01 05:43:14,189 INFO sqlalchemy.engine.Engine SELECT COUNT(*) as total FROM "cc_ObjectBase_0_pub_bk_slb_server" WHERE "bk_server_type" IN (?)
2026-06-01 05:43:14,189 INFO sqlalchemy.engine.Engine [cached since 10.56s ago] ('ECS',)
2026-06-01 05:43:14,189 INFO sqlalchemy.engine.Engine ROLLBACK
127.0.0.1 - - [01/Jun/2026 05:43:14] "POST /api/v1/models/bk_slb_server/instances/search HTTP/1.1" 200 -
2026-06-01 05:43:14,225 INFO sqlalchemy.engine.Engine BEGIN (implicit)
2026-06-01 05:43:14,226 INFO sqlalchemy.engine.Engine SELECT config_key, config_value FROM user_custom WHERE user_name = ? AND config_key = ?
2026-06-01 05:43:14,226 INFO sqlalchemy.engine.Engine [cached since 76.88s ago] ('admin', 'columns_bk_slb_server')
2026-06-01 05:43:14,226 INFO sqlalchemy.engine.Engine ROLLBACK
127.0.0.1 - - [01/Jun/2026 05:43:14] "GET /api/usercustom/model/bk_slb_server HTTP/1.1" 200 -
2026-06-01 05:43:14,312 INFO sqlalchemy.engine.Engine BEGIN (implicit)
2026-06-01 05:43:14,312 INFO sqlalchemy.engine.Engine SELECT * FROM "cc_ObjectBase_0_pub_bk_slb_server"WHERE "bk_server_type" IN (?) ORDER BY "id" DESC LIMIT ? OFFSET ?
2026-06-01 05:43:14,312 INFO sqlalchemy.engine.Engine [cached since 10.69s ago] ('ECS', 10, 0)
2026-06-01 05:43:14,313 INFO sqlalchemy.engine.Engine ROLLBACK
2026-06-01 05:43:14,313 INFO sqlalchemy.engine.Engine BEGIN (implicit)
2026-06-01 05:43:14,313 INFO sqlalchemy.engine.Engine SELECT COUNT(*) as total FROM "cc_ObjectBase_0_pub_bk_slb_server" WHERE "bk_server_type" IN (?)
2026-06-01 05:43:14,313 INFO sqlalchemy.engine.Engine [cached since 10.69s ago] ('ECS',)
2026-06-01 05:43:14,313 INFO sqlalchemy.engine.Engine ROLLBACK
127.0.0.1 - - [01/Jun/2026 05:43:14] "POST /api/v1/models/bk_slb_server/instances/search HTTP/1.1" 200 -
2026-06-01 05:44:30,921 INFO sqlalchemy.engine.Engine BEGIN (implicit)
2026-06-01 05:44:30,921 INFO sqlalchemy.engine.Engine SELECT * FROM cc_ObjAttDes WHERE bk_obj_id = ? ORDER BY bk_property_index
2026-06-01 05:44:30,921 INFO sqlalchemy.engine.Engine [cached since 153.6s ago] ('bk_slb_server',)
2026-06-01 05:44:30,922 INFO sqlalchemy.engine.Engine ROLLBACK
127.0.0.1 - - [01/Jun/2026 05:44:30] "GET /api/v1/models/bk_slb_server/attributes HTTP/1.1" 200 -
2026-06-01 05:44:31,082 INFO sqlalchemy.engine.Engine BEGIN (implicit)
2026-06-01 05:44:31,082 INFO sqlalchemy.engine.Engine SELECT config_key, config_value FROM user_custom WHERE user_name = ? AND config_key = ?
2026-06-01 05:44:31,082 INFO sqlalchemy.engine.Engine [cached since 153.7s ago] ('admin', 'columns_bk_slb_server')
2026-06-01 05:44:31,083 INFO sqlalchemy.engine.Engine ROLLBACK
127.0.0.1 - - [01/Jun/2026 05:44:31] "GET /api/usercustom/model/bk_slb_server HTTP/1.1" 200 -
2026-06-01 05:44:31,148 INFO sqlalchemy.engine.Engine BEGIN (implicit)
2026-06-01 05:44:31,148 INFO sqlalchemy.engine.Engine SELECT * FROM "cc_ObjectBase_0_pub_bk_slb_server" ORDER BY id LIMIT ? OFFSET ?
2026-06-01 05:44:31,148 INFO sqlalchemy.engine.Engine [cached since 153.8s ago] (10, 0)
2026-06-01 05:44:31,148 INFO sqlalchemy.engine.Engine ROLLBACK
2026-06-01 05:44:31,148 INFO sqlalchemy.engine.Engine BEGIN (implicit)
2026-06-01 05:44:31,149 INFO sqlalchemy.engine.Engine SELECT COUNT(*) as total FROM "cc_ObjectBase_0_pub_bk_slb_server"
2026-06-01 05:44:31,149 INFO sqlalchemy.engine.Engine [cached since 153.8s ago] ()
2026-06-01 05:44:31,149 INFO sqlalchemy.engine.Engine ROLLBACK
127.0.0.1 - - [01/Jun/2026 05:44:31] "POST /api/v1/models/bk_slb_server/instances/search HTTP/1.1" 200 -
2026-06-01 05:44:54,522 INFO sqlalchemy.engine.Engine BEGIN (implicit)
2026-06-01 05:44:54,522 INFO sqlalchemy.engine.Engine SELECT * FROM cc_ObjAttDes WHERE bk_obj_id = ? ORDER BY bk_property_index
2026-06-01 05:44:54,522 INFO sqlalchemy.engine.Engine [cached since 177.2s ago] ('bk_slb_server',)
2026-06-01 05:44:54,523 INFO sqlalchemy.engine.Engine ROLLBACK
127.0.0.1 - - [01/Jun/2026 05:44:54] "GET /api/v1/models/bk_slb_server/attributes HTTP/1.1" 200 -
2026-06-01 05:44:54,585 INFO sqlalchemy.engine.Engine BEGIN (implicit)
2026-06-01 05:44:54,585 INFO sqlalchemy.engine.Engine SELECT config_key, config_value FROM user_custom WHERE user_name = ? AND config_key = ?
2026-06-01 05:44:54,585 INFO sqlalchemy.engine.Engine [cached since 177.2s ago] ('admin', 'columns_bk_slb_server')
2026-06-01 05:44:54,585 INFO sqlalchemy.engine.Engine ROLLBACK
127.0.0.1 - - [01/Jun/2026 05:44:54] "GET /api/usercustom/model/bk_slb_server HTTP/1.1" 200 -
2026-06-01 05:44:54,657 INFO sqlalchemy.engine.Engine BEGIN (implicit)
2026-06-01 05:44:54,657 INFO sqlalchemy.engine.Engine SELECT * FROM "cc_ObjectBase_0_pub_bk_slb_server"WHERE "bk_server_type" IN (?) ORDER BY "id" DESC LIMIT ? OFFSET ?
2026-06-01 05:44:54,657 INFO sqlalchemy.engine.Engine [cached since 111s ago] ('ECS', 20, 0)
2026-06-01 05:44:54,657 INFO sqlalchemy.engine.Engine ROLLBACK
2026-06-01 05:44:54,658 INFO sqlalchemy.engine.Engine BEGIN (implicit)
2026-06-01 05:44:54,658 INFO sqlalchemy.engine.Engine SELECT COUNT(*) as total FROM "cc_ObjectBase_0_pub_bk_slb_server" WHERE "bk_server_type" IN (?)
2026-06-01 05:44:54,658 INFO sqlalchemy.engine.Engine [cached since 111s ago] ('ECS',)
2026-06-01 05:44:54,658 INFO sqlalchemy.engine.Engine ROLLBACK
127.0.0.1 - - [01/Jun/2026 05:44:54] "POST /api/v1/models/bk_slb_server/instances/search HTTP/1.1" 200 -
2026-06-01 05:46:25,753 INFO sqlalchemy.engine.Engine BEGIN (implicit)
2026-06-01 05:46:25,753 INFO sqlalchemy.engine.Engine SELECT * FROM "cc_ObjectBase_0_pub_bk_slb_server" WHERE id = ?
2026-06-01 05:46:25,753 INFO sqlalchemy.engine.Engine [cached since 194.4s ago] ('64',)
2026-06-01 05:46:25,753 INFO sqlalchemy.engine.Engine ROLLBACK
127.0.0.1 - - [01/Jun/2026 05:46:25] "GET /api/v1/models/bk_slb_server/instances/64 HTTP/1.1" 200 -
2026-06-01 05:46:25,806 INFO sqlalchemy.engine.Engine BEGIN (implicit)
2026-06-01 05:46:25,806 INFO sqlalchemy.engine.Engine 
            SELECT * FROM cc_InstAsst_0_pub 
            WHERE bk_inst_id = ? OR bk_asst_inst_id = ?
        
2026-06-01 05:46:25,806 INFO sqlalchemy.engine.Engine [cached since 194.4s ago] ('64', '64')
2026-06-01 05:46:25,807 INFO sqlalchemy.engine.Engine ROLLBACK
127.0.0.1 - - [01/Jun/2026 05:46:25] "GET /api/v1/instances/64/associations HTTP/1.1" 200 -
2026-06-01 05:46:25,874 INFO sqlalchemy.engine.Engine BEGIN (implicit)
2026-06-01 05:46:25,874 INFO sqlalchemy.engine.Engine 
            SELECT 
                oa.bk_asst_id as bk_relation_type_id, 
                ad.bk_asst_name as bk_relation_type_name, 
                oa.bk_obj_id as bk_src_model, 
                oa.target_obj_id as bk_dst_model, 
                oa.bk_obj_asst_id,
                oa.bk_obj_asst_name
            FROM cc_ObjAsst oa
            JOIN cc_AsstDes ad ON oa.bk_asst_id = ad.bk_asst_id
        
2026-06-01 05:46:25,874 INFO sqlalchemy.engine.Engine [cached since 194.4s ago] ()
2026-06-01 05:46:25,874 INFO sqlalchemy.engine.Engine ROLLBACK
127.0.0.1 - - [01/Jun/2026 05:46:25] "GET /api/v1/relations HTTP/1.1" 200 -
2026-06-01 05:46:25,923 INFO sqlalchemy.engine.Engine BEGIN (implicit)
2026-06-01 05:46:25,923 INFO sqlalchemy.engine.Engine SELECT * FROM cc_ObjAttDes WHERE bk_obj_id = ? ORDER BY bk_property_index
2026-06-01 05:46:25,923 INFO sqlalchemy.engine.Engine [cached since 268.6s ago] ('bk_slb_server',)
2026-06-01 05:46:25,924 INFO sqlalchemy.engine.Engine ROLLBACK
127.0.0.1 - - [01/Jun/2026 05:46:25] "GET /api/v1/models/bk_slb_server/attributes HTTP/1.1" 200 -
2026-06-01 05:46:25,978 INFO sqlalchemy.engine.Engine BEGIN (implicit)
2026-06-01 05:46:25,979 INFO sqlalchemy.engine.Engine SELECT * FROM "cc_ObjectBase_0_pub_bk_slb_server" ORDER BY id LIMIT ? OFFSET ?
2026-06-01 05:46:25,979 INFO sqlalchemy.engine.Engine [cached since 268.6s ago] (100, 0)
2026-06-01 05:46:25,980 INFO sqlalchemy.engine.Engine ROLLBACK
2026-06-01 05:46:25,980 INFO sqlalchemy.engine.Engine BEGIN (implicit)
2026-06-01 05:46:25,980 INFO sqlalchemy.engine.Engine SELECT COUNT(*) as total FROM "cc_ObjectBase_0_pub_bk_slb_server"
2026-06-01 05:46:25,980 INFO sqlalchemy.engine.Engine [cached since 268.6s ago] ()
2026-06-01 05:46:25,981 INFO sqlalchemy.engine.Engine ROLLBACK
127.0.0.1 - - [01/Jun/2026 05:46:25] "GET /api/v1/models/bk_slb_server/instances?page=1&page_size=100 HTTP/1.1" 200 -
2026-06-01 05:46:26,933 INFO sqlalchemy.engine.Engine BEGIN (implicit)
2026-06-01 05:46:26,933 INFO sqlalchemy.engine.Engine SELECT * FROM cc_ObjAttDes WHERE bk_obj_id = ? ORDER BY bk_property_index
2026-06-01 05:46:26,933 INFO sqlalchemy.engine.Engine [cached since 269.7s ago] ('bk_slb_server',)
2026-06-01 05:46:26,935 INFO sqlalchemy.engine.Engine ROLLBACK
127.0.0.1 - - [01/Jun/2026 05:46:26] "GET /api/v1/models/bk_slb_server/attributes HTTP/1.1" 200 -
2026-06-01 05:46:27,032 INFO sqlalchemy.engine.Engine BEGIN (implicit)
2026-06-01 05:46:27,032 INFO sqlalchemy.engine.Engine SELECT config_key, config_value FROM user_custom WHERE user_name = ? AND config_key = ?
2026-06-01 05:46:27,032 INFO sqlalchemy.engine.Engine [cached since 269.7s ago] ('admin', 'columns_bk_slb_server')
2026-06-01 05:46:27,032 INFO sqlalchemy.engine.Engine ROLLBACK
127.0.0.1 - - [01/Jun/2026 05:46:27] "GET /api/usercustom/model/bk_slb_server HTTP/1.1" 200 -
2026-06-01 05:46:27,083 INFO sqlalchemy.engine.Engine BEGIN (implicit)
2026-06-01 05:46:27,083 INFO sqlalchemy.engine.Engine SELECT * FROM cc_ObjAttDes WHERE bk_obj_id = ? ORDER BY bk_property_index
2026-06-01 05:46:27,083 INFO sqlalchemy.engine.Engine [cached since 269.8s ago] ('bk_slb_server',)
2026-06-01 05:46:27,084 INFO sqlalchemy.engine.Engine ROLLBACK
127.0.0.1 - - [01/Jun/2026 05:46:27] "GET /api/v1/models/bk_slb_server/attributes HTTP/1.1" 200 -
2026-06-01 05:46:27,101 INFO sqlalchemy.engine.Engine BEGIN (implicit)
2026-06-01 05:46:27,101 INFO sqlalchemy.engine.Engine SELECT * FROM "cc_ObjectBase_0_pub_bk_slb_server"WHERE "bk_server_type" IN (?) ORDER BY "id" DESC LIMIT ? OFFSET ?
2026-06-01 05:46:27,101 INFO sqlalchemy.engine.Engine [cached since 203.5s ago] ('ECS', 10, 0)
2026-06-01 05:46:27,101 INFO sqlalchemy.engine.Engine ROLLBACK
2026-06-01 05:46:27,102 INFO sqlalchemy.engine.Engine BEGIN (implicit)
2026-06-01 05:46:27,102 INFO sqlalchemy.engine.Engine SELECT COUNT(*) as total FROM "cc_ObjectBase_0_pub_bk_slb_server" WHERE "bk_server_type" IN (?)
2026-06-01 05:46:27,102 INFO sqlalchemy.engine.Engine [cached since 203.5s ago] ('ECS',)
2026-06-01 05:46:27,102 INFO sqlalchemy.engine.Engine ROLLBACK
127.0.0.1 - - [01/Jun/2026 05:46:27] "POST /api/v1/models/bk_slb_server/instances/search HTTP/1.1" 200 -
2026-06-01 05:46:27,135 INFO sqlalchemy.engine.Engine BEGIN (implicit)
2026-06-01 05:46:27,135 INFO sqlalchemy.engine.Engine SELECT config_key, config_value FROM user_custom WHERE user_name = ? AND config_key = ?
2026-06-01 05:46:27,135 INFO sqlalchemy.engine.Engine [cached since 269.8s ago] ('admin', 'columns_bk_slb_server')
2026-06-01 05:46:27,135 INFO sqlalchemy.engine.Engine ROLLBACK
127.0.0.1 - - [01/Jun/2026 05:46:27] "GET /api/usercustom/model/bk_slb_server HTTP/1.1" 200 -
2026-06-01 05:46:27,228 INFO sqlalchemy.engine.Engine BEGIN (implicit)
2026-06-01 05:46:27,228 INFO sqlalchemy.engine.Engine SELECT * FROM "cc_ObjectBase_0_pub_bk_slb_server"WHERE "bk_server_type" IN (?) ORDER BY "id" DESC LIMIT ? OFFSET ?
2026-06-01 05:46:27,228 INFO sqlalchemy.engine.Engine [cached since 203.6s ago] ('ECS', 10, 0)
2026-06-01 05:46:27,229 INFO sqlalchemy.engine.Engine ROLLBACK
2026-06-01 05:46:27,229 INFO sqlalchemy.engine.Engine BEGIN (implicit)
2026-06-01 05:46:27,229 INFO sqlalchemy.engine.Engine SELECT COUNT(*) as total FROM "cc_ObjectBase_0_pub_bk_slb_server" WHERE "bk_server_type" IN (?)
2026-06-01 05:46:27,229 INFO sqlalchemy.engine.Engine [cached since 203.6s ago] ('ECS',)
2026-06-01 05:46:27,229 INFO sqlalchemy.engine.Engine ROLLBACK
127.0.0.1 - - [01/Jun/2026 05:46:27] "POST /api/v1/models/bk_slb_server/instances/search HTTP/1.1" 200 -
2026-06-01 05:53:55,963 INFO sqlalchemy.engine.Engine ROLLBACK
127.0.0.1 - - [01/Jun/2026 05:53:55] "POST /api/usercustom/user/search HTTP/1.1" 200 -
2026-06-01 05:53:56,004 INFO sqlalchemy.engine.Engine BEGIN (implicit)
2026-06-01 05:53:56,004 INFO sqlalchemy.engine.Engine SELECT * FROM cc_ObjClassification ORDER BY id
2026-06-01 05:53:56,004 INFO sqlalchemy.engine.Engine [cached since 727.8s ago] ()
2026-06-01 05:53:56,005 INFO sqlalchemy.engine.Engine ROLLBACK
2026-06-01 05:53:56,005 INFO sqlalchemy.engine.Engine BEGIN (implicit)
2026-06-01 05:53:56,005 INFO sqlalchemy.engine.Engine SELECT * FROM cc_ObjDes WHERE bk_classification_id = ? ORDER BY obj_sort_number
2026-06-01 05:53:56,005 INFO sqlalchemy.engine.Engine [cached since 727.8s ago] ('bk_network',)
2026-06-01 05:53:56,005 INFO sqlalchemy.engine.Engine ROLLBACK
2026-06-01 05:53:56,006 INFO sqlalchemy.engine.Engine BEGIN (implicit)
2026-06-01 05:53:56,006 INFO sqlalchemy.engine.Engine SELECT * FROM cc_ObjDes WHERE bk_classification_id = ? ORDER BY obj_sort_number
2026-06-01 05:53:56,006 INFO sqlalchemy.engine.Engine [cached since 727.8s ago] ('bk_host_manage',)
2026-06-01 05:53:56,006 INFO sqlalchemy.engine.Engine ROLLBACK
2026-06-01 05:53:56,006 INFO sqlalchemy.engine.Engine BEGIN (implicit)
2026-06-01 05:53:56,006 INFO sqlalchemy.engine.Engine SELECT * FROM cc_ObjDes WHERE bk_classification_id = ? ORDER BY obj_sort_number
2026-06-01 05:53:56,006 INFO sqlalchemy.engine.Engine [cached since 727.8s ago] ('bk_loadbalance',)
2026-06-01 05:53:56,007 INFO sqlalchemy.engine.Engine ROLLBACK
127.0.0.1 - - [01/Jun/2026 05:53:56] "POST /api/v1/classifications/find/classificationobject HTTP/1.1" 200 -
2026-06-01 05:54:03,338 INFO sqlalchemy.engine.Engine ROLLBACK
127.0.0.1 - - [01/Jun/2026 05:54:03] "POST /api/usercustom/user/search HTTP/1.1" 200 -
2026-06-01 05:54:03,503 INFO sqlalchemy.engine.Engine BEGIN (implicit)
2026-06-01 05:54:03,503 INFO sqlalchemy.engine.Engine SELECT * FROM cc_ObjClassification ORDER BY id
2026-06-01 05:54:03,504 INFO sqlalchemy.engine.Engine [cached since 735.3s ago] ()
2026-06-01 05:54:03,504 INFO sqlalchemy.engine.Engine ROLLBACK
2026-06-01 05:54:03,504 INFO sqlalchemy.engine.Engine BEGIN (implicit)
2026-06-01 05:54:03,504 INFO sqlalchemy.engine.Engine SELECT * FROM cc_ObjDes WHERE bk_classification_id = ? ORDER BY obj_sort_number
2026-06-01 05:54:03,504 INFO sqlalchemy.engine.Engine [cached since 735.3s ago] ('bk_network',)
2026-06-01 05:54:03,504 INFO sqlalchemy.engine.Engine ROLLBACK
2026-06-01 05:54:03,504 INFO sqlalchemy.engine.Engine BEGIN (implicit)
2026-06-01 05:54:03,504 INFO sqlalchemy.engine.Engine SELECT * FROM cc_ObjDes WHERE bk_classification_id = ? ORDER BY obj_sort_number
2026-06-01 05:54:03,504 INFO sqlalchemy.engine.Engine [cached since 735.3s ago] ('bk_host_manage',)
2026-06-01 05:54:03,505 INFO sqlalchemy.engine.Engine ROLLBACK
2026-06-01 05:54:03,505 INFO sqlalchemy.engine.Engine BEGIN (implicit)
2026-06-01 05:54:03,505 INFO sqlalchemy.engine.Engine SELECT * FROM cc_ObjDes WHERE bk_classification_id = ? ORDER BY obj_sort_number
2026-06-01 05:54:03,505 INFO sqlalchemy.engine.Engine [cached since 735.3s ago] ('bk_loadbalance',)
2026-06-01 05:54:03,505 INFO sqlalchemy.engine.Engine ROLLBACK
127.0.0.1 - - [01/Jun/2026 05:54:03] "POST /api/v1/classifications/find/classificationobject HTTP/1.1" 200 -
2026-06-01 05:54:12,890 INFO sqlalchemy.engine.Engine BEGIN (implicit)
2026-06-01 05:54:12,890 INFO sqlalchemy.engine.Engine SELECT * FROM cc_ObjAttDes WHERE bk_obj_id = ? ORDER BY bk_property_index
2026-06-01 05:54:12,890 INFO sqlalchemy.engine.Engine [cached since 735.6s ago] ('bk_slb_server',)
2026-06-01 05:54:12,891 INFO sqlalchemy.engine.Engine ROLLBACK
127.0.0.1 - - [01/Jun/2026 05:54:12] "GET /api/v1/models/bk_slb_server/attributes HTTP/1.1" 200 -
2026-06-01 05:54:12,956 INFO sqlalchemy.engine.Engine BEGIN (implicit)
2026-06-01 05:54:12,956 INFO sqlalchemy.engine.Engine SELECT config_key, config_value FROM user_custom WHERE user_name = ? AND config_key = ?
2026-06-01 05:54:12,956 INFO sqlalchemy.engine.Engine [cached since 735.6s ago] ('admin', 'columns_bk_slb_server')
2026-06-01 05:54:12,956 INFO sqlalchemy.engine.Engine ROLLBACK
127.0.0.1 - - [01/Jun/2026 05:54:12] "GET /api/usercustom/model/bk_slb_server HTTP/1.1" 200 -
2026-06-01 05:54:13,016 INFO sqlalchemy.engine.Engine BEGIN (implicit)
2026-06-01 05:54:13,016 INFO sqlalchemy.engine.Engine SELECT * FROM "cc_ObjectBase_0_pub_bk_slb_server" ORDER BY id LIMIT ? OFFSET ?
2026-06-01 05:54:13,016 INFO sqlalchemy.engine.Engine [cached since 735.6s ago] (10, 0)
2026-06-01 05:54:13,017 INFO sqlalchemy.engine.Engine ROLLBACK
2026-06-01 05:54:13,017 INFO sqlalchemy.engine.Engine BEGIN (implicit)
2026-06-01 05:54:13,017 INFO sqlalchemy.engine.Engine SELECT COUNT(*) as total FROM "cc_ObjectBase_0_pub_bk_slb_server"
2026-06-01 05:54:13,017 INFO sqlalchemy.engine.Engine [cached since 735.6s ago] ()
2026-06-01 05:54:13,017 INFO sqlalchemy.engine.Engine ROLLBACK
127.0.0.1 - - [01/Jun/2026 05:54:13] "POST /api/v1/models/bk_slb_server/instances/search HTTP/1.1" 200 -
2026-06-01 05:54:24,554 INFO sqlalchemy.engine.Engine BEGIN (implicit)
2026-06-01 05:54:24,554 INFO sqlalchemy.engine.Engine SELECT * FROM cc_ObjAttDes WHERE bk_obj_id = ? ORDER BY bk_property_index
2026-06-01 05:54:24,554 INFO sqlalchemy.engine.Engine [cached since 747.3s ago] ('bk_slb_server',)
2026-06-01 05:54:24,555 INFO sqlalchemy.engine.Engine ROLLBACK
127.0.0.1 - - [01/Jun/2026 05:54:24] "GET /api/v1/models/bk_slb_server/attributes HTTP/1.1" 200 -
2026-06-01 05:54:24,637 INFO sqlalchemy.engine.Engine BEGIN (implicit)
2026-06-01 05:54:24,637 INFO sqlalchemy.engine.Engine SELECT config_key, config_value FROM user_custom WHERE user_name = ? AND config_key = ?
2026-06-01 05:54:24,638 INFO sqlalchemy.engine.Engine [cached since 747.3s ago] ('admin', 'columns_bk_slb_server')
2026-06-01 05:54:24,638 INFO sqlalchemy.engine.Engine ROLLBACK
127.0.0.1 - - [01/Jun/2026 05:54:24] "GET /api/usercustom/model/bk_slb_server HTTP/1.1" 200 -
2026-06-01 05:54:24,696 INFO sqlalchemy.engine.Engine BEGIN (implicit)
2026-06-01 05:54:24,696 INFO sqlalchemy.engine.Engine SELECT * FROM "cc_ObjectBase_0_pub_bk_slb_server"WHERE "bk_server_status" IN (?) ORDER BY "id" DESC LIMIT ? OFFSET ?
2026-06-01 05:54:24,696 INFO sqlalchemy.engine.Engine [cached since 729.7s ago] ('运行中', 20, 0)
2026-06-01 05:54:24,696 INFO sqlalchemy.engine.Engine ROLLBACK
2026-06-01 05:54:24,696 INFO sqlalchemy.engine.Engine BEGIN (implicit)
2026-06-01 05:54:24,696 INFO sqlalchemy.engine.Engine SELECT COUNT(*) as total FROM "cc_ObjectBase_0_pub_bk_slb_server" WHERE "bk_server_status" IN (?)
2026-06-01 05:54:24,697 INFO sqlalchemy.engine.Engine [cached since 729.7s ago] ('运行中',)
2026-06-01 05:54:24,697 INFO sqlalchemy.engine.Engine ROLLBACK
127.0.0.1 - - [01/Jun/2026 05:54:24] "POST /api/v1/models/bk_slb_server/instances/search HTTP/1.1" 200 -
2026-06-01 05:54:42,305 INFO sqlalchemy.engine.Engine BEGIN (implicit)
2026-06-01 05:54:42,306 INFO sqlalchemy.engine.Engine SELECT * FROM "cc_ObjectBase_0_pub_bk_slb_server" WHERE id = ?
2026-06-01 05:54:42,306 INFO sqlalchemy.engine.Engine [cached since 690.9s ago] ('65',)
2026-06-01 05:54:42,306 INFO sqlalchemy.engine.Engine ROLLBACK
127.0.0.1 - - [01/Jun/2026 05:54:42] "GET /api/v1/models/bk_slb_server/instances/65 HTTP/1.1" 200 -
2026-06-01 05:54:42,366 INFO sqlalchemy.engine.Engine BEGIN (implicit)
2026-06-01 05:54:42,366 INFO sqlalchemy.engine.Engine 
            SELECT * FROM cc_InstAsst_0_pub 
            WHERE bk_inst_id = ? OR bk_asst_inst_id = ?
        
2026-06-01 05:54:42,366 INFO sqlalchemy.engine.Engine [cached since 691s ago] ('65', '65')
2026-06-01 05:54:42,366 INFO sqlalchemy.engine.Engine ROLLBACK
127.0.0.1 - - [01/Jun/2026 05:54:42] "GET /api/v1/instances/65/associations HTTP/1.1" 200 -
2026-06-01 05:54:42,418 INFO sqlalchemy.engine.Engine BEGIN (implicit)
2026-06-01 05:54:42,419 INFO sqlalchemy.engine.Engine 
            SELECT 
                oa.bk_asst_id as bk_relation_type_id, 
                ad.bk_asst_name as bk_relation_type_name, 
                oa.bk_obj_id as bk_src_model, 
                oa.target_obj_id as bk_dst_model, 
                oa.bk_obj_asst_id,
                oa.bk_obj_asst_name
            FROM cc_ObjAsst oa
            JOIN cc_AsstDes ad ON oa.bk_asst_id = ad.bk_asst_id
        
2026-06-01 05:54:42,419 INFO sqlalchemy.engine.Engine [cached since 690.9s ago] ()
2026-06-01 05:54:42,419 INFO sqlalchemy.engine.Engine ROLLBACK
127.0.0.1 - - [01/Jun/2026 05:54:42] "GET /api/v1/relations HTTP/1.1" 200 -
2026-06-01 05:54:42,477 INFO sqlalchemy.engine.Engine BEGIN (implicit)
2026-06-01 05:54:42,477 INFO sqlalchemy.engine.Engine SELECT * FROM cc_ObjAttDes WHERE bk_obj_id = ? ORDER BY bk_property_index
2026-06-01 05:54:42,477 INFO sqlalchemy.engine.Engine [cached since 765.2s ago] ('bk_slb_server',)
2026-06-01 05:54:42,478 INFO sqlalchemy.engine.Engine ROLLBACK
127.0.0.1 - - [01/Jun/2026 05:54:42] "GET /api/v1/models/bk_slb_server/attributes HTTP/1.1" 200 -
2026-06-01 05:54:42,565 INFO sqlalchemy.engine.Engine BEGIN (implicit)
2026-06-01 05:54:42,565 INFO sqlalchemy.engine.Engine SELECT * FROM "cc_ObjectBase_0_pub_bk_slb_server" ORDER BY id LIMIT ? OFFSET ?
2026-06-01 05:54:42,565 INFO sqlalchemy.engine.Engine [cached since 765.2s ago] (100, 0)
2026-06-01 05:54:42,566 INFO sqlalchemy.engine.Engine ROLLBACK
2026-06-01 05:54:42,566 INFO sqlalchemy.engine.Engine BEGIN (implicit)
2026-06-01 05:54:42,566 INFO sqlalchemy.engine.Engine SELECT COUNT(*) as total FROM "cc_ObjectBase_0_pub_bk_slb_server"
2026-06-01 05:54:42,566 INFO sqlalchemy.engine.Engine [cached since 765.2s ago] ()
2026-06-01 05:54:42,566 INFO sqlalchemy.engine.Engine ROLLBACK
127.0.0.1 - - [01/Jun/2026 05:54:42] "GET /api/v1/models/bk_slb_server/instances?page=1&page_size=100 HTTP/1.1" 200 -
2026-06-01 05:54:44,547 INFO sqlalchemy.engine.Engine BEGIN (implicit)
2026-06-01 05:54:44,547 INFO sqlalchemy.engine.Engine SELECT * FROM cc_ObjAttDes WHERE bk_obj_id = ? ORDER BY bk_property_index
2026-06-01 05:54:44,547 INFO sqlalchemy.engine.Engine [cached since 767.3s ago] ('bk_slb_server',)
2026-06-01 05:54:44,548 INFO sqlalchemy.engine.Engine ROLLBACK
127.0.0.1 - - [01/Jun/2026 05:54:44] "GET /api/v1/models/bk_slb_server/attributes HTTP/1.1" 200 -
2026-06-01 05:54:44,616 INFO sqlalchemy.engine.Engine BEGIN (implicit)
2026-06-01 05:54:44,616 INFO sqlalchemy.engine.Engine SELECT * FROM cc_ObjAttDes WHERE bk_obj_id = ? ORDER BY bk_property_index
2026-06-01 05:54:44,616 INFO sqlalchemy.engine.Engine [cached since 767.3s ago] ('bk_slb_server',)
2026-06-01 05:54:44,617 INFO sqlalchemy.engine.Engine ROLLBACK
127.0.0.1 - - [01/Jun/2026 05:54:44] "GET /api/v1/models/bk_slb_server/attributes HTTP/1.1" 200 -
2026-06-01 05:54:44,619 INFO sqlalchemy.engine.Engine BEGIN (implicit)
2026-06-01 05:54:44,619 INFO sqlalchemy.engine.Engine SELECT config_key, config_value FROM user_custom WHERE user_name = ? AND config_key = ?
2026-06-01 05:54:44,619 INFO sqlalchemy.engine.Engine [cached since 767.3s ago] ('admin', 'columns_bk_slb_server')
2026-06-01 05:54:44,619 INFO sqlalchemy.engine.Engine ROLLBACK
127.0.0.1 - - [01/Jun/2026 05:54:44] "GET /api/usercustom/model/bk_slb_server HTTP/1.1" 200 -
2026-06-01 05:54:44,669 INFO sqlalchemy.engine.Engine BEGIN (implicit)
2026-06-01 05:54:44,670 INFO sqlalchemy.engine.Engine SELECT * FROM "cc_ObjectBase_0_pub_bk_slb_server"WHERE "bk_server_status" IN (?) ORDER BY "id" DESC LIMIT ? OFFSET ?
2026-06-01 05:54:44,670 INFO sqlalchemy.engine.Engine [cached since 749.7s ago] ('运行中', 10, 0)
2026-06-01 05:54:44,670 INFO sqlalchemy.engine.Engine ROLLBACK
2026-06-01 05:54:44,670 INFO sqlalchemy.engine.Engine BEGIN (implicit)
2026-06-01 05:54:44,670 INFO sqlalchemy.engine.Engine SELECT COUNT(*) as total FROM "cc_ObjectBase_0_pub_bk_slb_server" WHERE "bk_server_status" IN (?)
2026-06-01 05:54:44,670 INFO sqlalchemy.engine.Engine [cached since 749.7s ago] ('运行中',)
2026-06-01 05:54:44,670 INFO sqlalchemy.engine.Engine ROLLBACK
127.0.0.1 - - [01/Jun/2026 05:54:44] "POST /api/v1/models/bk_slb_server/instances/search HTTP/1.1" 200 -
2026-06-01 05:54:44,673 INFO sqlalchemy.engine.Engine BEGIN (implicit)
2026-06-01 05:54:44,673 INFO sqlalchemy.engine.Engine SELECT config_key, config_value FROM user_custom WHERE user_name = ? AND config_key = ?
2026-06-01 05:54:44,673 INFO sqlalchemy.engine.Engine [cached since 767.3s ago] ('admin', 'columns_bk_slb_server')
2026-06-01 05:54:44,673 INFO sqlalchemy.engine.Engine ROLLBACK
127.0.0.1 - - [01/Jun/2026 05:54:44] "GET /api/usercustom/model/bk_slb_server HTTP/1.1" 200 -
2026-06-01 05:54:44,824 INFO sqlalchemy.engine.Engine BEGIN (implicit)
2026-06-01 05:54:44,824 INFO sqlalchemy.engine.Engine SELECT * FROM "cc_ObjectBase_0_pub_bk_slb_server"WHERE "bk_server_status" IN (?) ORDER BY "id" DESC LIMIT ? OFFSET ?
2026-06-01 05:54:44,824 INFO sqlalchemy.engine.Engine [cached since 749.8s ago] ('运行中', 10, 0)
2026-06-01 05:54:44,824 INFO sqlalchemy.engine.Engine ROLLBACK
2026-06-01 05:54:44,824 INFO sqlalchemy.engine.Engine BEGIN (implicit)
2026-06-01 05:54:44,824 INFO sqlalchemy.engine.Engine SELECT COUNT(*) as total FROM "cc_ObjectBase_0_pub_bk_slb_server" WHERE "bk_server_status" IN (?)
2026-06-01 05:54:44,825 INFO sqlalchemy.engine.Engine [cached since 749.8s ago] ('运行中',)
2026-06-01 05:54:44,825 INFO sqlalchemy.engine.Engine ROLLBACK
127.0.0.1 - - [01/Jun/2026 05:54:44] "POST /api/v1/models/bk_slb_server/instances/search HTTP/1.1" 200 -
2026-06-01 05:54:55,869 INFO sqlalchemy.engine.Engine BEGIN (implicit)
2026-06-01 05:54:55,869 INFO sqlalchemy.engine.Engine SELECT * FROM cc_ObjClassification ORDER BY id
2026-06-01 05:54:55,869 INFO sqlalchemy.engine.Engine [cached since 787.6s ago] ()
2026-06-01 05:54:55,870 INFO sqlalchemy.engine.Engine ROLLBACK
2026-06-01 05:54:55,870 INFO sqlalchemy.engine.Engine BEGIN (implicit)
2026-06-01 05:54:55,870 INFO sqlalchemy.engine.Engine SELECT * FROM cc_ObjDes WHERE bk_classification_id = ? ORDER BY obj_sort_number
2026-06-01 05:54:55,870 INFO sqlalchemy.engine.Engine [cached since 787.6s ago] ('bk_network',)
2026-06-01 05:54:55,871 INFO sqlalchemy.engine.Engine ROLLBACK
2026-06-01 05:54:55,871 INFO sqlalchemy.engine.Engine BEGIN (implicit)
2026-06-01 05:54:55,871 INFO sqlalchemy.engine.Engine SELECT * FROM cc_ObjDes WHERE bk_classification_id = ? ORDER BY obj_sort_number
2026-06-01 05:54:55,871 INFO sqlalchemy.engine.Engine [cached since 787.6s ago] ('bk_host_manage',)
2026-06-01 05:54:55,871 INFO sqlalchemy.engine.Engine ROLLBACK
2026-06-01 05:54:55,871 INFO sqlalchemy.engine.Engine BEGIN (implicit)
2026-06-01 05:54:55,872 INFO sqlalchemy.engine.Engine SELECT * FROM cc_ObjDes WHERE bk_classification_id = ? ORDER BY obj_sort_number
2026-06-01 05:54:55,872 INFO sqlalchemy.engine.Engine [cached since 787.6s ago] ('bk_loadbalance',)
2026-06-01 05:54:55,872 INFO sqlalchemy.engine.Engine ROLLBACK
127.0.0.1 - - [01/Jun/2026 05:54:55] "POST /api/v1/classifications/find/classificationobject HTTP/1.1" 200 -
2026-06-01 05:54:57,276 INFO sqlalchemy.engine.Engine BEGIN (implicit)
2026-06-01 05:54:57,277 INFO sqlalchemy.engine.Engine SELECT * FROM cc_ObjAttDes WHERE bk_obj_id = ? ORDER BY bk_property_index
2026-06-01 05:54:57,277 INFO sqlalchemy.engine.Engine [cached since 780s ago] ('bk_slb_listener',)
2026-06-01 05:54:57,277 INFO sqlalchemy.engine.Engine ROLLBACK
127.0.0.1 - - [01/Jun/2026 05:54:57] "GET /api/v1/models/bk_slb_listener/attributes HTTP/1.1" 200 -
2026-06-01 05:54:57,336 INFO sqlalchemy.engine.Engine BEGIN (implicit)
2026-06-01 05:54:57,336 INFO sqlalchemy.engine.Engine SELECT config_key, config_value FROM user_custom WHERE user_name = ? AND config_key = ?
2026-06-01 05:54:57,336 INFO sqlalchemy.engine.Engine [cached since 780s ago] ('admin', 'columns_bk_slb_listener')
2026-06-01 05:54:57,336 INFO sqlalchemy.engine.Engine ROLLBACK
127.0.0.1 - - [01/Jun/2026 05:54:57] "GET /api/usercustom/model/bk_slb_listener HTTP/1.1" 200 -
2026-06-01 05:54:57,381 INFO sqlalchemy.engine.Engine BEGIN (implicit)
2026-06-01 05:54:57,382 INFO sqlalchemy.engine.Engine SELECT * FROM "cc_ObjectBase_0_pub_bk_slb_listener" ORDER BY id LIMIT ? OFFSET ?
2026-06-01 05:54:57,382 INFO sqlalchemy.engine.Engine [generated in 0.00022s] (10, 0)
2026-06-01 05:54:57,382 INFO sqlalchemy.engine.Engine ROLLBACK
2026-06-01 05:54:57,382 INFO sqlalchemy.engine.Engine BEGIN (implicit)
2026-06-01 05:54:57,382 INFO sqlalchemy.engine.Engine SELECT COUNT(*) as total FROM "cc_ObjectBase_0_pub_bk_slb_listener"
2026-06-01 05:54:57,382 INFO sqlalchemy.engine.Engine [generated in 0.00017s] ()
2026-06-01 05:54:57,383 INFO sqlalchemy.engine.Engine ROLLBACK
127.0.0.1 - - [01/Jun/2026 05:54:57] "POST /api/v1/models/bk_slb_listener/instances/search HTTP/1.1" 200 -
2026-06-01 05:55:07,616 INFO sqlalchemy.engine.Engine BEGIN (implicit)
2026-06-01 05:55:07,616 INFO sqlalchemy.engine.Engine SELECT * FROM cc_ObjAttDes WHERE bk_obj_id = ? ORDER BY bk_property_index
2026-06-01 05:55:07,616 INFO sqlalchemy.engine.Engine [cached since 790.3s ago] ('bk_slb_listener',)
2026-06-01 05:55:07,616 INFO sqlalchemy.engine.Engine ROLLBACK
127.0.0.1 - - [01/Jun/2026 05:55:07] "GET /api/v1/models/bk_slb_listener/attributes HTTP/1.1" 200 -
2026-06-01 05:55:07,673 INFO sqlalchemy.engine.Engine BEGIN (implicit)
2026-06-01 05:55:07,674 INFO sqlalchemy.engine.Engine SELECT config_key, config_value FROM user_custom WHERE user_name = ? AND config_key = ?
2026-06-01 05:55:07,674 INFO sqlalchemy.engine.Engine [cached since 790.3s ago] ('admin', 'columns_bk_slb_listener')
2026-06-01 05:55:07,674 INFO sqlalchemy.engine.Engine ROLLBACK
127.0.0.1 - - [01/Jun/2026 05:55:07] "GET /api/usercustom/model/bk_slb_listener HTTP/1.1" 200 -
2026-06-01 05:55:07,734 INFO sqlalchemy.engine.Engine BEGIN (implicit)
2026-06-01 05:55:07,734 INFO sqlalchemy.engine.Engine SELECT * FROM "cc_ObjectBase_0_pub_bk_slb_listener"WHERE "bk_protocol" IN (?) ORDER BY "id" DESC LIMIT ? OFFSET ?
2026-06-01 05:55:07,734 INFO sqlalchemy.engine.Engine [generated in 0.00028s] ('TCP', 20, 0)
2026-06-01 05:55:07,735 INFO sqlalchemy.engine.Engine ROLLBACK
2026-06-01 05:55:07,735 INFO sqlalchemy.engine.Engine BEGIN (implicit)
2026-06-01 05:55:07,735 INFO sqlalchemy.engine.Engine SELECT COUNT(*) as total FROM "cc_ObjectBase_0_pub_bk_slb_listener" WHERE "bk_protocol" IN (?)
2026-06-01 05:55:07,735 INFO sqlalchemy.engine.Engine [generated in 0.00017s] ('TCP',)
2026-06-01 05:55:07,735 INFO sqlalchemy.engine.Engine ROLLBACK
127.0.0.1 - - [01/Jun/2026 05:55:07] "POST /api/v1/models/bk_slb_listener/instances/search HTTP/1.1" 200 -
2026-06-01 05:55:20,218 INFO sqlalchemy.engine.Engine BEGIN (implicit)
2026-06-01 05:55:20,219 INFO sqlalchemy.engine.Engine SELECT * FROM cc_ObjAttDes WHERE bk_obj_id = ? ORDER BY bk_property_index
2026-06-01 05:55:20,219 INFO sqlalchemy.engine.Engine [cached since 802.9s ago] ('bk_slb_listener',)
2026-06-01 05:55:20,219 INFO sqlalchemy.engine.Engine ROLLBACK
127.0.0.1 - - [01/Jun/2026 05:55:20] "GET /api/v1/models/bk_slb_listener/attributes HTTP/1.1" 200 -
2026-06-01 05:55:20,294 INFO sqlalchemy.engine.Engine BEGIN (implicit)
2026-06-01 05:55:20,294 INFO sqlalchemy.engine.Engine SELECT config_key, config_value FROM user_custom WHERE user_name = ? AND config_key = ?
2026-06-01 05:55:20,294 INFO sqlalchemy.engine.Engine [cached since 803s ago] ('admin', 'columns_bk_slb_listener')
2026-06-01 05:55:20,294 INFO sqlalchemy.engine.Engine ROLLBACK
127.0.0.1 - - [01/Jun/2026 05:55:20] "GET /api/usercustom/model/bk_slb_listener HTTP/1.1" 200 -
2026-06-01 05:55:20,342 INFO sqlalchemy.engine.Engine BEGIN (implicit)
2026-06-01 05:55:20,342 INFO sqlalchemy.engine.Engine SELECT * FROM "cc_ObjectBase_0_pub_bk_slb_listener"WHERE "bk_protocol" IN (?) ORDER BY "id" DESC LIMIT ? OFFSET ?
2026-06-01 05:55:20,342 INFO sqlalchemy.engine.Engine [cached since 12.61s ago] ('TCP', 10, 10)
2026-06-01 05:55:20,342 INFO sqlalchemy.engine.Engine ROLLBACK
2026-06-01 05:55:20,342 INFO sqlalchemy.engine.Engine BEGIN (implicit)
2026-06-01 05:55:20,342 INFO sqlalchemy.engine.Engine SELECT COUNT(*) as total FROM "cc_ObjectBase_0_pub_bk_slb_listener" WHERE "bk_protocol" IN (?)
2026-06-01 05:55:20,342 INFO sqlalchemy.engine.Engine [cached since 12.61s ago] ('TCP',)
2026-06-01 05:55:20,343 INFO sqlalchemy.engine.Engine ROLLBACK
127.0.0.1 - - [01/Jun/2026 05:55:20] "POST /api/v1/models/bk_slb_listener/instances/search HTTP/1.1" 200 -
2026-06-01 05:55:25,434 INFO sqlalchemy.engine.Engine BEGIN (implicit)
2026-06-01 05:55:25,434 INFO sqlalchemy.engine.Engine SELECT * FROM "cc_ObjectBase_0_pub_bk_slb_listener" WHERE id = ?
2026-06-01 05:55:25,434 INFO sqlalchemy.engine.Engine [generated in 0.00025s] ('30',)
2026-06-01 05:55:25,434 INFO sqlalchemy.engine.Engine ROLLBACK
127.0.0.1 - - [01/Jun/2026 05:55:25] "GET /api/v1/models/bk_slb_listener/instances/30 HTTP/1.1" 200 -
2026-06-01 05:55:25,541 INFO sqlalchemy.engine.Engine BEGIN (implicit)
2026-06-01 05:55:25,541 INFO sqlalchemy.engine.Engine 
            SELECT * FROM cc_InstAsst_0_pub 
            WHERE bk_inst_id = ? OR bk_asst_inst_id = ?
        
2026-06-01 05:55:25,541 INFO sqlalchemy.engine.Engine [cached since 734.1s ago] ('30', '30')
2026-06-01 05:55:25,541 INFO sqlalchemy.engine.Engine ROLLBACK
127.0.0.1 - - [01/Jun/2026 05:55:25] "GET /api/v1/instances/30/associations HTTP/1.1" 200 -
2026-06-01 05:55:25,613 INFO sqlalchemy.engine.Engine BEGIN (implicit)
2026-06-01 05:55:25,613 INFO sqlalchemy.engine.Engine 
            SELECT 
                oa.bk_asst_id as bk_relation_type_id, 
                ad.bk_asst_name as bk_relation_type_name, 
                oa.bk_obj_id as bk_src_model, 
                oa.target_obj_id as bk_dst_model, 
                oa.bk_obj_asst_id,
                oa.bk_obj_asst_name
            FROM cc_ObjAsst oa
            JOIN cc_AsstDes ad ON oa.bk_asst_id = ad.bk_asst_id
        
2026-06-01 05:55:25,613 INFO sqlalchemy.engine.Engine [cached since 734.1s ago] ()
2026-06-01 05:55:25,613 INFO sqlalchemy.engine.Engine ROLLBACK
127.0.0.1 - - [01/Jun/2026 05:55:25] "GET /api/v1/relations HTTP/1.1" 200 -
2026-06-01 05:55:25,666 INFO sqlalchemy.engine.Engine BEGIN (implicit)
2026-06-01 05:55:25,666 INFO sqlalchemy.engine.Engine SELECT * FROM cc_ObjAttDes WHERE bk_obj_id = ? ORDER BY bk_property_index
2026-06-01 05:55:25,666 INFO sqlalchemy.engine.Engine [cached since 808.4s ago] ('bk_slb_listener',)
2026-06-01 05:55:25,667 INFO sqlalchemy.engine.Engine ROLLBACK
127.0.0.1 - - [01/Jun/2026 05:55:25] "GET /api/v1/models/bk_slb_listener/attributes HTTP/1.1" 200 -
2026-06-01 05:55:25,725 INFO sqlalchemy.engine.Engine BEGIN (implicit)
2026-06-01 05:55:25,725 INFO sqlalchemy.engine.Engine SELECT * FROM "cc_ObjectBase_0_pub_bk_slb_listener" ORDER BY id LIMIT ? OFFSET ?
2026-06-01 05:55:25,726 INFO sqlalchemy.engine.Engine [cached since 28.34s ago] (100, 0)
2026-06-01 05:55:25,726 INFO sqlalchemy.engine.Engine ROLLBACK
2026-06-01 05:55:25,726 INFO sqlalchemy.engine.Engine BEGIN (implicit)
2026-06-01 05:55:25,726 INFO sqlalchemy.engine.Engine SELECT COUNT(*) as total FROM "cc_ObjectBase_0_pub_bk_slb_listener"
2026-06-01 05:55:25,726 INFO sqlalchemy.engine.Engine [cached since 28.34s ago] ()
2026-06-01 05:55:25,727 INFO sqlalchemy.engine.Engine ROLLBACK
127.0.0.1 - - [01/Jun/2026 05:55:25] "GET /api/v1/models/bk_slb_listener/instances?page=1&page_size=100 HTTP/1.1" 200 -
2026-06-01 05:55:27,970 INFO sqlalchemy.engine.Engine BEGIN (implicit)
2026-06-01 05:55:27,970 INFO sqlalchemy.engine.Engine SELECT * FROM cc_ObjAttDes WHERE bk_obj_id = ? ORDER BY bk_property_index
2026-06-01 05:55:27,970 INFO sqlalchemy.engine.Engine [cached since 810.7s ago] ('bk_slb_listener',)
2026-06-01 05:55:27,971 INFO sqlalchemy.engine.Engine ROLLBACK
127.0.0.1 - - [01/Jun/2026 05:55:27] "GET /api/v1/models/bk_slb_listener/attributes HTTP/1.1" 200 -
2026-06-01 05:55:28,030 INFO sqlalchemy.engine.Engine BEGIN (implicit)
2026-06-01 05:55:28,030 INFO sqlalchemy.engine.Engine SELECT config_key, config_value FROM user_custom WHERE user_name = ? AND config_key = ?
2026-06-01 05:55:28,031 INFO sqlalchemy.engine.Engine [cached since 810.7s ago] ('admin', 'columns_bk_slb_listener')
2026-06-01 05:55:28,031 INFO sqlalchemy.engine.Engine ROLLBACK
127.0.0.1 - - [01/Jun/2026 05:55:28] "GET /api/usercustom/model/bk_slb_listener HTTP/1.1" 200 -
2026-06-01 05:55:28,080 INFO sqlalchemy.engine.Engine BEGIN (implicit)
2026-06-01 05:55:28,080 INFO sqlalchemy.engine.Engine SELECT * FROM cc_ObjAttDes WHERE bk_obj_id = ? ORDER BY bk_property_index
2026-06-01 05:55:28,080 INFO sqlalchemy.engine.Engine [cached since 810.8s ago] ('bk_slb_listener',)
2026-06-01 05:55:28,081 INFO sqlalchemy.engine.Engine ROLLBACK
127.0.0.1 - - [01/Jun/2026 05:55:28] "GET /api/v1/models/bk_slb_listener/attributes HTTP/1.1" 200 -
2026-06-01 05:55:28,123 INFO sqlalchemy.engine.Engine BEGIN (implicit)
2026-06-01 05:55:28,123 INFO sqlalchemy.engine.Engine SELECT * FROM "cc_ObjectBase_0_pub_bk_slb_listener"WHERE "bk_protocol" IN (?) ORDER BY "id" DESC LIMIT ? OFFSET ?
2026-06-01 05:55:28,123 INFO sqlalchemy.engine.Engine [cached since 20.39s ago] ('TCP', 10, 10)
2026-06-01 05:55:28,123 INFO sqlalchemy.engine.Engine ROLLBACK
2026-06-01 05:55:28,123 INFO sqlalchemy.engine.Engine BEGIN (implicit)
2026-06-01 05:55:28,123 INFO sqlalchemy.engine.Engine SELECT COUNT(*) as total FROM "cc_ObjectBase_0_pub_bk_slb_listener" WHERE "bk_protocol" IN (?)
2026-06-01 05:55:28,123 INFO sqlalchemy.engine.Engine [cached since 20.39s ago] ('TCP',)
2026-06-01 05:55:28,124 INFO sqlalchemy.engine.Engine ROLLBACK
127.0.0.1 - - [01/Jun/2026 05:55:28] "POST /api/v1/models/bk_slb_listener/instances/search HTTP/1.1" 200 -
2026-06-01 05:55:28,142 INFO sqlalchemy.engine.Engine BEGIN (implicit)
2026-06-01 05:55:28,142 INFO sqlalchemy.engine.Engine SELECT config_key, config_value FROM user_custom WHERE user_name = ? AND config_key = ?
2026-06-01 05:55:28,142 INFO sqlalchemy.engine.Engine [cached since 810.8s ago] ('admin', 'columns_bk_slb_listener')
2026-06-01 05:55:28,142 INFO sqlalchemy.engine.Engine ROLLBACK
127.0.0.1 - - [01/Jun/2026 05:55:28] "GET /api/usercustom/model/bk_slb_listener HTTP/1.1" 200 -
2026-06-01 05:55:28,242 INFO sqlalchemy.engine.Engine BEGIN (implicit)
2026-06-01 05:55:28,242 INFO sqlalchemy.engine.Engine SELECT * FROM "cc_ObjectBase_0_pub_bk_slb_listener"WHERE "bk_protocol" IN (?) ORDER BY "id" DESC LIMIT ? OFFSET ?
2026-06-01 05:55:28,242 INFO sqlalchemy.engine.Engine [cached since 20.51s ago] ('TCP', 10, 10)
2026-06-01 05:55:28,242 INFO sqlalchemy.engine.Engine ROLLBACK
2026-06-01 05:55:28,242 INFO sqlalchemy.engine.Engine BEGIN (implicit)
2026-06-01 05:55:28,242 INFO sqlalchemy.engine.Engine SELECT COUNT(*) as total FROM "cc_ObjectBase_0_pub_bk_slb_listener" WHERE "bk_protocol" IN (?)
2026-06-01 05:55:28,242 INFO sqlalchemy.engine.Engine [cached since 20.51s ago] ('TCP',)
2026-06-01 05:55:28,243 INFO sqlalchemy.engine.Engine ROLLBACK
127.0.0.1 - - [01/Jun/2026 05:55:28] "POST /api/v1/models/bk_slb_listener/instances/search HTTP/1.1" 200 -
2026-06-01 05:56:00,660 INFO sqlalchemy.engine.Engine BEGIN (implicit)
2026-06-01 05:56:00,660 INFO sqlalchemy.engine.Engine SELECT * FROM cc_ObjAttDes WHERE bk_obj_id = ? ORDER BY bk_property_index
2026-06-01 05:56:00,661 INFO sqlalchemy.engine.Engine [cached since 843.4s ago] ('bk_slb_listener',)
2026-06-01 05:56:00,661 INFO sqlalchemy.engine.Engine ROLLBACK
127.0.0.1 - - [01/Jun/2026 05:56:00] "GET /api/v1/models/bk_slb_listener/attributes HTTP/1.1" 200 -
2026-06-01 05:56:00,743 INFO sqlalchemy.engine.Engine BEGIN (implicit)
2026-06-01 05:56:00,743 INFO sqlalchemy.engine.Engine SELECT config_key, config_value FROM user_custom WHERE user_name = ? AND config_key = ?
2026-06-01 05:56:00,744 INFO sqlalchemy.engine.Engine [cached since 843.4s ago] ('admin', 'columns_bk_slb_listener')
2026-06-01 05:56:00,744 INFO sqlalchemy.engine.Engine ROLLBACK
127.0.0.1 - - [01/Jun/2026 05:56:00] "GET /api/usercustom/model/bk_slb_listener HTTP/1.1" 200 -
2026-06-01 05:56:00,814 INFO sqlalchemy.engine.Engine BEGIN (implicit)
2026-06-01 05:56:00,814 INFO sqlalchemy.engine.Engine SELECT * FROM "cc_ObjectBase_0_pub_bk_slb_listener"WHERE "description" IN (?) ORDER BY "id" DESC LIMIT ? OFFSET ?
2026-06-01 05:56:00,814 INFO sqlalchemy.engine.Engine [generated in 0.00034s] ('red', 20, 0)
2026-06-01 05:56:00,814 INFO sqlalchemy.engine.Engine ROLLBACK
2026-06-01 05:56:00,815 INFO sqlalchemy.engine.Engine BEGIN (implicit)
2026-06-01 05:56:00,815 INFO sqlalchemy.engine.Engine SELECT COUNT(*) as total FROM "cc_ObjectBase_0_pub_bk_slb_listener" WHERE "description" IN (?)
2026-06-01 05:56:00,815 INFO sqlalchemy.engine.Engine [generated in 0.00015s] ('red',)
2026-06-01 05:56:00,815 INFO sqlalchemy.engine.Engine ROLLBACK
127.0.0.1 - - [01/Jun/2026 05:56:00] "POST /api/v1/models/bk_slb_listener/instances/search HTTP/1.1" 200 -
2026-06-01 05:56:03,017 INFO sqlalchemy.engine.Engine BEGIN (implicit)
2026-06-01 05:56:03,018 INFO sqlalchemy.engine.Engine SELECT * FROM cc_ObjAttDes WHERE bk_obj_id = ? ORDER BY bk_property_index
2026-06-01 05:56:03,018 INFO sqlalchemy.engine.Engine [cached since 845.7s ago] ('bk_slb_listener',)
2026-06-01 05:56:03,018 INFO sqlalchemy.engine.Engine ROLLBACK
127.0.0.1 - - [01/Jun/2026 05:56:03] "GET /api/v1/models/bk_slb_listener/attributes HTTP/1.1" 200 -
2026-06-01 05:56:03,083 INFO sqlalchemy.engine.Engine BEGIN (implicit)
2026-06-01 05:56:03,083 INFO sqlalchemy.engine.Engine SELECT config_key, config_value FROM user_custom WHERE user_name = ? AND config_key = ?
2026-06-01 05:56:03,083 INFO sqlalchemy.engine.Engine [cached since 845.7s ago] ('admin', 'columns_bk_slb_listener')
2026-06-01 05:56:03,083 INFO sqlalchemy.engine.Engine ROLLBACK
127.0.0.1 - - [01/Jun/2026 05:56:03] "GET /api/usercustom/model/bk_slb_listener HTTP/1.1" 200 -
2026-06-01 05:56:03,210 INFO sqlalchemy.engine.Engine BEGIN (implicit)
2026-06-01 05:56:03,211 INFO sqlalchemy.engine.Engine SELECT * FROM "cc_ObjectBase_0_pub_bk_slb_listener" ORDER BY id LIMIT ? OFFSET ?
2026-06-01 05:56:03,211 INFO sqlalchemy.engine.Engine [cached since 65.83s ago] (10, 0)
2026-06-01 05:56:03,211 INFO sqlalchemy.engine.Engine ROLLBACK
2026-06-01 05:56:03,211 INFO sqlalchemy.engine.Engine BEGIN (implicit)
2026-06-01 05:56:03,211 INFO sqlalchemy.engine.Engine SELECT COUNT(*) as total FROM "cc_ObjectBase_0_pub_bk_slb_listener"
2026-06-01 05:56:03,211 INFO sqlalchemy.engine.Engine [cached since 65.83s ago] ()
2026-06-01 05:56:03,211 INFO sqlalchemy.engine.Engine ROLLBACK
127.0.0.1 - - [01/Jun/2026 05:56:03] "POST /api/v1/models/bk_slb_listener/instances/search HTTP/1.1" 200 -
2026-06-01 05:56:09,682 INFO sqlalchemy.engine.Engine BEGIN (implicit)
2026-06-01 05:56:09,682 INFO sqlalchemy.engine.Engine SELECT * FROM cc_ObjAttDes WHERE bk_obj_id = ? ORDER BY bk_property_index
2026-06-01 05:56:09,682 INFO sqlalchemy.engine.Engine [cached since 852.4s ago] ('bk_slb_listener',)
2026-06-01 05:56:09,683 INFO sqlalchemy.engine.Engine ROLLBACK
127.0.0.1 - - [01/Jun/2026 05:56:09] "GET /api/v1/models/bk_slb_listener/attributes HTTP/1.1" 200 -
2026-06-01 05:56:10,367 INFO sqlalchemy.engine.Engine BEGIN (implicit)
2026-06-01 05:56:10,367 INFO sqlalchemy.engine.Engine SELECT config_key, config_value FROM user_custom WHERE user_name = ? AND config_key = ?
2026-06-01 05:56:10,367 INFO sqlalchemy.engine.Engine [cached since 853s ago] ('admin', 'columns_bk_slb_listener')
2026-06-01 05:56:10,367 INFO sqlalchemy.engine.Engine ROLLBACK
127.0.0.1 - - [01/Jun/2026 05:56:10] "GET /api/usercustom/model/bk_slb_listener HTTP/1.1" 200 -
2026-06-01 05:56:11,146 INFO sqlalchemy.engine.Engine BEGIN (implicit)
2026-06-01 05:56:11,146 INFO sqlalchemy.engine.Engine SELECT * FROM "cc_ObjectBase_0_pub_bk_slb_listener"WHERE (LOWER(CAST("description" AS TEXT)) LIKE LOWER(?)) ORDER BY "id" DESC LIMIT ? OFFSET ?
2026-06-01 05:56:11,146 INFO sqlalchemy.engine.Engine [generated in 0.00030s] ('%red%', 20, 0)
2026-06-01 05:56:11,146 INFO sqlalchemy.engine.Engine ROLLBACK
2026-06-01 05:56:11,147 INFO sqlalchemy.engine.Engine BEGIN (implicit)
2026-06-01 05:56:11,147 INFO sqlalchemy.engine.Engine SELECT COUNT(*) as total FROM "cc_ObjectBase_0_pub_bk_slb_listener" WHERE (LOWER(CAST("description" AS TEXT)) LIKE LOWER(?))
2026-06-01 05:56:11,147 INFO sqlalchemy.engine.Engine [generated in 0.00016s] ('%red%',)
2026-06-01 05:56:11,147 INFO sqlalchemy.engine.Engine ROLLBACK
127.0.0.1 - - [01/Jun/2026 05:56:11] "POST /api/v1/models/bk_slb_listener/instances/search HTTP/1.1" 200 -
2026-06-01 05:56:18,371 INFO sqlalchemy.engine.Engine BEGIN (implicit)
2026-06-01 05:56:18,371 INFO sqlalchemy.engine.Engine SELECT * FROM "cc_ObjectBase_0_pub_bk_slb_listener" WHERE id = ?
2026-06-01 05:56:18,371 INFO sqlalchemy.engine.Engine [cached since 52.94s ago] ('31',)
2026-06-01 05:56:18,371 INFO sqlalchemy.engine.Engine ROLLBACK
127.0.0.1 - - [01/Jun/2026 05:56:18] "GET /api/v1/models/bk_slb_listener/instances/31 HTTP/1.1" 200 -
2026-06-01 05:56:18,491 INFO sqlalchemy.engine.Engine BEGIN (implicit)
2026-06-01 05:56:18,491 INFO sqlalchemy.engine.Engine 
            SELECT * FROM cc_InstAsst_0_pub 
            WHERE bk_inst_id = ? OR bk_asst_inst_id = ?
        
2026-06-01 05:56:18,491 INFO sqlalchemy.engine.Engine [cached since 787.1s ago] ('31', '31')
2026-06-01 05:56:18,492 INFO sqlalchemy.engine.Engine ROLLBACK
127.0.0.1 - - [01/Jun/2026 05:56:18] "GET /api/v1/instances/31/associations HTTP/1.1" 200 -
2026-06-01 05:56:18,715 INFO sqlalchemy.engine.Engine BEGIN (implicit)
2026-06-01 05:56:18,715 INFO sqlalchemy.engine.Engine 
            SELECT 
                oa.bk_asst_id as bk_relation_type_id, 
                ad.bk_asst_name as bk_relation_type_name, 
                oa.bk_obj_id as bk_src_model, 
                oa.target_obj_id as bk_dst_model, 
                oa.bk_obj_asst_id,
                oa.bk_obj_asst_name
            FROM cc_ObjAsst oa
            JOIN cc_AsstDes ad ON oa.bk_asst_id = ad.bk_asst_id
        
2026-06-01 05:56:18,715 INFO sqlalchemy.engine.Engine [cached since 787.2s ago] ()
2026-06-01 05:56:18,715 INFO sqlalchemy.engine.Engine ROLLBACK
127.0.0.1 - - [01/Jun/2026 05:56:18] "GET /api/v1/relations HTTP/1.1" 200 -
2026-06-01 05:56:18,988 INFO sqlalchemy.engine.Engine BEGIN (implicit)
2026-06-01 05:56:18,988 INFO sqlalchemy.engine.Engine SELECT * FROM cc_ObjAttDes WHERE bk_obj_id = ? ORDER BY bk_property_index
2026-06-01 05:56:18,988 INFO sqlalchemy.engine.Engine [cached since 861.7s ago] ('bk_slb_listener',)
2026-06-01 05:56:18,989 INFO sqlalchemy.engine.Engine ROLLBACK
127.0.0.1 - - [01/Jun/2026 05:56:18] "GET /api/v1/models/bk_slb_listener/attributes HTTP/1.1" 200 -
2026-06-01 05:56:19,604 INFO sqlalchemy.engine.Engine BEGIN (implicit)
2026-06-01 05:56:19,604 INFO sqlalchemy.engine.Engine SELECT * FROM "cc_ObjectBase_0_pub_bk_slb_listener" ORDER BY id LIMIT ? OFFSET ?
2026-06-01 05:56:19,604 INFO sqlalchemy.engine.Engine [cached since 82.22s ago] (100, 0)
2026-06-01 05:56:19,605 INFO sqlalchemy.engine.Engine ROLLBACK
2026-06-01 05:56:19,605 INFO sqlalchemy.engine.Engine BEGIN (implicit)
2026-06-01 05:56:19,605 INFO sqlalchemy.engine.Engine SELECT COUNT(*) as total FROM "cc_ObjectBase_0_pub_bk_slb_listener"
2026-06-01 05:56:19,605 INFO sqlalchemy.engine.Engine [cached since 82.22s ago] ()
2026-06-01 05:56:19,606 INFO sqlalchemy.engine.Engine ROLLBACK
127.0.0.1 - - [01/Jun/2026 05:56:19] "GET /api/v1/models/bk_slb_listener/instances?page=1&page_size=100 HTTP/1.1" 200 -
2026-06-01 05:56:20,351 INFO sqlalchemy.engine.Engine BEGIN (implicit)
2026-06-01 05:56:20,352 INFO sqlalchemy.engine.Engine SELECT * FROM cc_ObjAttDes WHERE bk_obj_id = ? ORDER BY bk_property_index
2026-06-01 05:56:20,352 INFO sqlalchemy.engine.Engine [cached since 863.1s ago] ('bk_slb_listener',)
2026-06-01 05:56:20,352 INFO sqlalchemy.engine.Engine ROLLBACK
127.0.0.1 - - [01/Jun/2026 05:56:20] "GET /api/v1/models/bk_slb_listener/attributes HTTP/1.1" 200 -
2026-06-01 05:56:20,447 INFO sqlalchemy.engine.Engine BEGIN (implicit)
2026-06-01 05:56:20,447 INFO sqlalchemy.engine.Engine SELECT config_key, config_value FROM user_custom WHERE user_name = ? AND config_key = ?
2026-06-01 05:56:20,447 INFO sqlalchemy.engine.Engine [cached since 863.1s ago] ('admin', 'columns_bk_slb_listener')
2026-06-01 05:56:20,447 INFO sqlalchemy.engine.Engine ROLLBACK
127.0.0.1 - - [01/Jun/2026 05:56:20] "GET /api/usercustom/model/bk_slb_listener HTTP/1.1" 200 -
2026-06-01 05:56:20,527 INFO sqlalchemy.engine.Engine BEGIN (implicit)
2026-06-01 05:56:20,527 INFO sqlalchemy.engine.Engine SELECT * FROM cc_ObjAttDes WHERE bk_obj_id = ? ORDER BY bk_property_index
2026-06-01 05:56:20,527 INFO sqlalchemy.engine.Engine [cached since 863.2s ago] ('bk_slb_listener',)
2026-06-01 05:56:20,527 INFO sqlalchemy.engine.Engine ROLLBACK
127.0.0.1 - - [01/Jun/2026 05:56:20] "GET /api/v1/models/bk_slb_listener/attributes HTTP/1.1" 200 -
2026-06-01 05:56:20,546 INFO sqlalchemy.engine.Engine BEGIN (implicit)
2026-06-01 05:56:20,547 INFO sqlalchemy.engine.Engine SELECT * FROM "cc_ObjectBase_0_pub_bk_slb_listener"WHERE (LOWER(CAST("description" AS TEXT)) LIKE LOWER(?)) ORDER BY "id" DESC LIMIT ? OFFSET ?
2026-06-01 05:56:20,547 INFO sqlalchemy.engine.Engine [cached since 9.401s ago] ('%red%', 10, 0)
2026-06-01 05:56:20,547 INFO sqlalchemy.engine.Engine ROLLBACK
2026-06-01 05:56:20,547 INFO sqlalchemy.engine.Engine BEGIN (implicit)
2026-06-01 05:56:20,547 INFO sqlalchemy.engine.Engine SELECT COUNT(*) as total FROM "cc_ObjectBase_0_pub_bk_slb_listener" WHERE (LOWER(CAST("description" AS TEXT)) LIKE LOWER(?))
2026-06-01 05:56:20,547 INFO sqlalchemy.engine.Engine [cached since 9.4s ago] ('%red%',)
2026-06-01 05:56:20,547 INFO sqlalchemy.engine.Engine ROLLBACK
127.0.0.1 - - [01/Jun/2026 05:56:20] "POST /api/v1/models/bk_slb_listener/instances/search HTTP/1.1" 200 -
2026-06-01 05:56:20,579 INFO sqlalchemy.engine.Engine BEGIN (implicit)
2026-06-01 05:56:20,579 INFO sqlalchemy.engine.Engine SELECT config_key, config_value FROM user_custom WHERE user_name = ? AND config_key = ?
2026-06-01 05:56:20,579 INFO sqlalchemy.engine.Engine [cached since 863.2s ago] ('admin', 'columns_bk_slb_listener')
2026-06-01 05:56:20,579 INFO sqlalchemy.engine.Engine ROLLBACK
127.0.0.1 - - [01/Jun/2026 05:56:20] "GET /api/usercustom/model/bk_slb_listener HTTP/1.1" 200 -
2026-06-01 05:56:20,673 INFO sqlalchemy.engine.Engine BEGIN (implicit)
2026-06-01 05:56:20,673 INFO sqlalchemy.engine.Engine SELECT * FROM "cc_ObjectBase_0_pub_bk_slb_listener"WHERE (LOWER(CAST("description" AS TEXT)) LIKE LOWER(?)) ORDER BY "id" DESC LIMIT ? OFFSET ?
2026-06-01 05:56:20,673 INFO sqlalchemy.engine.Engine [cached since 9.528s ago] ('%red%', 10, 0)
2026-06-01 05:56:20,674 INFO sqlalchemy.engine.Engine ROLLBACK
2026-06-01 05:56:20,674 INFO sqlalchemy.engine.Engine BEGIN (implicit)
2026-06-01 05:56:20,674 INFO sqlalchemy.engine.Engine SELECT COUNT(*) as total FROM "cc_ObjectBase_0_pub_bk_slb_listener" WHERE (LOWER(CAST("description" AS TEXT)) LIKE LOWER(?))
2026-06-01 05:56:20,674 INFO sqlalchemy.engine.Engine [cached since 9.527s ago] ('%red%',)
2026-06-01 05:56:20,674 INFO sqlalchemy.engine.Engine ROLLBACK
127.0.0.1 - - [01/Jun/2026 05:56:20] "POST /api/v1/models/bk_slb_listener/instances/search HTTP/1.1" 200 -
2026-06-01 05:56:37,900 INFO sqlalchemy.engine.Engine BEGIN (implicit)
2026-06-01 05:56:37,900 INFO sqlalchemy.engine.Engine SELECT * FROM "cc_ObjectBase_0_pub_bk_slb_listener" WHERE id = ?
2026-06-01 05:56:37,900 INFO sqlalchemy.engine.Engine [cached since 72.47s ago] ('28',)
2026-06-01 05:56:37,900 INFO sqlalchemy.engine.Engine ROLLBACK
127.0.0.1 - - [01/Jun/2026 05:56:37] "GET /api/v1/models/bk_slb_listener/instances/28 HTTP/1.1" 200 -
2026-06-01 05:56:37,962 INFO sqlalchemy.engine.Engine BEGIN (implicit)
2026-06-01 05:56:37,962 INFO sqlalchemy.engine.Engine 
            SELECT * FROM cc_InstAsst_0_pub 
            WHERE bk_inst_id = ? OR bk_asst_inst_id = ?
        
2026-06-01 05:56:37,962 INFO sqlalchemy.engine.Engine [cached since 806.5s ago] ('28', '28')
2026-06-01 05:56:37,962 INFO sqlalchemy.engine.Engine ROLLBACK
127.0.0.1 - - [01/Jun/2026 05:56:37] "GET /api/v1/instances/28/associations HTTP/1.1" 200 -
2026-06-01 05:56:38,038 INFO sqlalchemy.engine.Engine BEGIN (implicit)
2026-06-01 05:56:38,038 INFO sqlalchemy.engine.Engine 
            SELECT 
                oa.bk_asst_id as bk_relation_type_id, 
                ad.bk_asst_name as bk_relation_type_name, 
                oa.bk_obj_id as bk_src_model, 
                oa.target_obj_id as bk_dst_model, 
                oa.bk_obj_asst_id,
                oa.bk_obj_asst_name
            FROM cc_ObjAsst oa
            JOIN cc_AsstDes ad ON oa.bk_asst_id = ad.bk_asst_id
        
2026-06-01 05:56:38,038 INFO sqlalchemy.engine.Engine [cached since 806.6s ago] ()
2026-06-01 05:56:38,038 INFO sqlalchemy.engine.Engine ROLLBACK
127.0.0.1 - - [01/Jun/2026 05:56:38] "GET /api/v1/relations HTTP/1.1" 200 -
2026-06-01 05:56:38,086 INFO sqlalchemy.engine.Engine BEGIN (implicit)
2026-06-01 05:56:38,086 INFO sqlalchemy.engine.Engine SELECT * FROM cc_ObjAttDes WHERE bk_obj_id = ? ORDER BY bk_property_index
2026-06-01 05:56:38,086 INFO sqlalchemy.engine.Engine [cached since 880.8s ago] ('bk_slb_listener',)
2026-06-01 05:56:38,087 INFO sqlalchemy.engine.Engine ROLLBACK
127.0.0.1 - - [01/Jun/2026 05:56:38] "GET /api/v1/models/bk_slb_listener/attributes HTTP/1.1" 200 -
2026-06-01 05:56:38,141 INFO sqlalchemy.engine.Engine BEGIN (implicit)
2026-06-01 05:56:38,141 INFO sqlalchemy.engine.Engine SELECT * FROM "cc_ObjectBase_0_pub_bk_slb_listener" ORDER BY id LIMIT ? OFFSET ?
2026-06-01 05:56:38,141 INFO sqlalchemy.engine.Engine [cached since 100.8s ago] (100, 0)
2026-06-01 05:56:38,142 INFO sqlalchemy.engine.Engine ROLLBACK
2026-06-01 05:56:38,142 INFO sqlalchemy.engine.Engine BEGIN (implicit)
2026-06-01 05:56:38,142 INFO sqlalchemy.engine.Engine SELECT COUNT(*) as total FROM "cc_ObjectBase_0_pub_bk_slb_listener"
2026-06-01 05:56:38,142 INFO sqlalchemy.engine.Engine [cached since 100.8s ago] ()
2026-06-01 05:56:38,142 INFO sqlalchemy.engine.Engine ROLLBACK
127.0.0.1 - - [01/Jun/2026 05:56:38] "GET /api/v1/models/bk_slb_listener/instances?page=1&page_size=100 HTTP/1.1" 200 -
2026-06-01 05:56:40,254 INFO sqlalchemy.engine.Engine BEGIN (implicit)
2026-06-01 05:56:40,254 INFO sqlalchemy.engine.Engine SELECT * FROM cc_ObjAttDes WHERE bk_obj_id = ? ORDER BY bk_property_index
2026-06-01 05:56:40,254 INFO sqlalchemy.engine.Engine [cached since 883s ago] ('bk_slb_listener',)
2026-06-01 05:56:40,255 INFO sqlalchemy.engine.Engine ROLLBACK
127.0.0.1 - - [01/Jun/2026 05:56:40] "GET /api/v1/models/bk_slb_listener/attributes HTTP/1.1" 200 -
2026-06-01 05:56:40,375 INFO sqlalchemy.engine.Engine BEGIN (implicit)
2026-06-01 05:56:40,375 INFO sqlalchemy.engine.Engine SELECT * FROM cc_ObjAttDes WHERE bk_obj_id = ? ORDER BY bk_property_index
2026-06-01 05:56:40,375 INFO sqlalchemy.engine.Engine [cached since 883.1s ago] ('bk_slb_listener',)
2026-06-01 05:56:40,376 INFO sqlalchemy.engine.Engine ROLLBACK
127.0.0.1 - - [01/Jun/2026 05:56:40] "GET /api/v1/models/bk_slb_listener/attributes HTTP/1.1" 200 -
2026-06-01 05:56:40,378 INFO sqlalchemy.engine.Engine BEGIN (implicit)
2026-06-01 05:56:40,379 INFO sqlalchemy.engine.Engine SELECT config_key, config_value FROM user_custom WHERE user_name = ? AND config_key = ?
2026-06-01 05:56:40,379 INFO sqlalchemy.engine.Engine [cached since 883s ago] ('admin', 'columns_bk_slb_listener')
2026-06-01 05:56:40,379 INFO sqlalchemy.engine.Engine ROLLBACK
127.0.0.1 - - [01/Jun/2026 05:56:40] "GET /api/usercustom/model/bk_slb_listener HTTP/1.1" 200 -
2026-06-01 05:56:40,436 INFO sqlalchemy.engine.Engine BEGIN (implicit)
2026-06-01 05:56:40,436 INFO sqlalchemy.engine.Engine SELECT * FROM "cc_ObjectBase_0_pub_bk_slb_listener"WHERE (LOWER(CAST("description" AS TEXT)) LIKE LOWER(?)) ORDER BY "id" DESC LIMIT ? OFFSET ?
2026-06-01 05:56:40,436 INFO sqlalchemy.engine.Engine [cached since 29.29s ago] ('%red%', 10, 0)
2026-06-01 05:56:40,436 INFO sqlalchemy.engine.Engine ROLLBACK
2026-06-01 05:56:40,437 INFO sqlalchemy.engine.Engine BEGIN (implicit)
2026-06-01 05:56:40,437 INFO sqlalchemy.engine.Engine SELECT COUNT(*) as total FROM "cc_ObjectBase_0_pub_bk_slb_listener" WHERE (LOWER(CAST("description" AS TEXT)) LIKE LOWER(?))
2026-06-01 05:56:40,437 INFO sqlalchemy.engine.Engine [cached since 29.29s ago] ('%red%',)
2026-06-01 05:56:40,437 INFO sqlalchemy.engine.Engine ROLLBACK
127.0.0.1 - - [01/Jun/2026 05:56:40] "POST /api/v1/models/bk_slb_listener/instances/search HTTP/1.1" 200 -
2026-06-01 05:56:40,445 INFO sqlalchemy.engine.Engine BEGIN (implicit)
2026-06-01 05:56:40,445 INFO sqlalchemy.engine.Engine SELECT config_key, config_value FROM user_custom WHERE user_name = ? AND config_key = ?
2026-06-01 05:56:40,445 INFO sqlalchemy.engine.Engine [cached since 883.1s ago] ('admin', 'columns_bk_slb_listener')
2026-06-01 05:56:40,445 INFO sqlalchemy.engine.Engine ROLLBACK
127.0.0.1 - - [01/Jun/2026 05:56:40] "GET /api/usercustom/model/bk_slb_listener HTTP/1.1" 200 -
2026-06-01 05:56:40,523 INFO sqlalchemy.engine.Engine BEGIN (implicit)
2026-06-01 05:56:40,523 INFO sqlalchemy.engine.Engine SELECT * FROM "cc_ObjectBase_0_pub_bk_slb_listener"WHERE (LOWER(CAST("description" AS TEXT)) LIKE LOWER(?)) ORDER BY "id" DESC LIMIT ? OFFSET ?
2026-06-01 05:56:40,523 INFO sqlalchemy.engine.Engine [cached since 29.38s ago] ('%red%', 10, 0)
2026-06-01 05:56:40,524 INFO sqlalchemy.engine.Engine ROLLBACK
2026-06-01 05:56:40,524 INFO sqlalchemy.engine.Engine BEGIN (implicit)
2026-06-01 05:56:40,524 INFO sqlalchemy.engine.Engine SELECT COUNT(*) as total FROM "cc_ObjectBase_0_pub_bk_slb_listener" WHERE (LOWER(CAST("description" AS TEXT)) LIKE LOWER(?))
2026-06-01 05:56:40,524 INFO sqlalchemy.engine.Engine [cached since 29.38s ago] ('%red%',)
2026-06-01 05:56:40,524 INFO sqlalchemy.engine.Engine ROLLBACK
127.0.0.1 - - [01/Jun/2026 05:56:40] "POST /api/v1/models/bk_slb_listener/instances/search HTTP/1.1" 200 -
2026-06-01 05:56:52,212 INFO sqlalchemy.engine.Engine BEGIN (implicit)
2026-06-01 05:56:52,212 INFO sqlalchemy.engine.Engine SELECT * FROM cc_ObjAttDes WHERE bk_obj_id = ? ORDER BY bk_property_index
2026-06-01 05:56:52,212 INFO sqlalchemy.engine.Engine [cached since 894.9s ago] ('bk_slb_listener',)
2026-06-01 05:56:52,212 INFO sqlalchemy.engine.Engine ROLLBACK
127.0.0.1 - - [01/Jun/2026 05:56:52] "GET /api/v1/models/bk_slb_listener/attributes HTTP/1.1" 200 -
2026-06-01 05:56:52,269 INFO sqlalchemy.engine.Engine BEGIN (implicit)
2026-06-01 05:56:52,269 INFO sqlalchemy.engine.Engine SELECT config_key, config_value FROM user_custom WHERE user_name = ? AND config_key = ?
2026-06-01 05:56:52,270 INFO sqlalchemy.engine.Engine [cached since 894.9s ago] ('admin', 'columns_bk_slb_listener')
2026-06-01 05:56:52,270 INFO sqlalchemy.engine.Engine ROLLBACK
127.0.0.1 - - [01/Jun/2026 05:56:52] "GET /api/usercustom/model/bk_slb_listener HTTP/1.1" 200 -
2026-06-01 05:56:52,320 INFO sqlalchemy.engine.Engine BEGIN (implicit)
2026-06-01 05:56:52,320 INFO sqlalchemy.engine.Engine SELECT * FROM "cc_ObjectBase_0_pub_bk_slb_listener" ORDER BY id LIMIT ? OFFSET ?
2026-06-01 05:56:52,320 INFO sqlalchemy.engine.Engine [cached since 114.9s ago] (10, 0)
2026-06-01 05:56:52,321 INFO sqlalchemy.engine.Engine ROLLBACK
2026-06-01 05:56:52,321 INFO sqlalchemy.engine.Engine BEGIN (implicit)
2026-06-01 05:56:52,321 INFO sqlalchemy.engine.Engine SELECT COUNT(*) as total FROM "cc_ObjectBase_0_pub_bk_slb_listener"
2026-06-01 05:56:52,321 INFO sqlalchemy.engine.Engine [cached since 114.9s ago] ()
2026-06-01 05:56:52,321 INFO sqlalchemy.engine.Engine ROLLBACK
127.0.0.1 - - [01/Jun/2026 05:56:52] "POST /api/v1/models/bk_slb_listener/instances/search HTTP/1.1" 200 -
2026-06-01 05:57:01,464 INFO sqlalchemy.engine.Engine BEGIN (implicit)
2026-06-01 05:57:01,464 INFO sqlalchemy.engine.Engine SELECT * FROM cc_ObjAttDes WHERE bk_obj_id = ? ORDER BY bk_property_index
2026-06-01 05:57:01,464 INFO sqlalchemy.engine.Engine [cached since 904.2s ago] ('bk_slb_listener',)
2026-06-01 05:57:01,465 INFO sqlalchemy.engine.Engine ROLLBACK
127.0.0.1 - - [01/Jun/2026 05:57:01] "GET /api/v1/models/bk_slb_listener/attributes HTTP/1.1" 200 -
2026-06-01 05:57:01,583 INFO sqlalchemy.engine.Engine BEGIN (implicit)
2026-06-01 05:57:01,583 INFO sqlalchemy.engine.Engine SELECT config_key, config_value FROM user_custom WHERE user_name = ? AND config_key = ?
2026-06-01 05:57:01,583 INFO sqlalchemy.engine.Engine [cached since 904.2s ago] ('admin', 'columns_bk_slb_listener')
2026-06-01 05:57:01,584 INFO sqlalchemy.engine.Engine ROLLBACK
127.0.0.1 - - [01/Jun/2026 05:57:01] "GET /api/usercustom/model/bk_slb_listener HTTP/1.1" 200 -
2026-06-01 05:57:01,637 INFO sqlalchemy.engine.Engine BEGIN (implicit)
2026-06-01 05:57:01,638 INFO sqlalchemy.engine.Engine SELECT * FROM "cc_ObjectBase_0_pub_bk_slb_listener"WHERE "bk_protocol" IN (?) ORDER BY "id" DESC LIMIT ? OFFSET ?
2026-06-01 05:57:01,638 INFO sqlalchemy.engine.Engine [cached since 113.9s ago] ('TCP', 20, 0)
2026-06-01 05:57:01,638 INFO sqlalchemy.engine.Engine ROLLBACK
2026-06-01 05:57:01,638 INFO sqlalchemy.engine.Engine BEGIN (implicit)
2026-06-01 05:57:01,638 INFO sqlalchemy.engine.Engine SELECT COUNT(*) as total FROM "cc_ObjectBase_0_pub_bk_slb_listener" WHERE "bk_protocol" IN (?)
2026-06-01 05:57:01,638 INFO sqlalchemy.engine.Engine [cached since 113.9s ago] ('TCP',)
2026-06-01 05:57:01,639 INFO sqlalchemy.engine.Engine ROLLBACK
127.0.0.1 - - [01/Jun/2026 05:57:01] "POST /api/v1/models/bk_slb_listener/instances/search HTTP/1.1" 200 -
2026-06-01 05:57:21,381 INFO sqlalchemy.engine.Engine BEGIN (implicit)
2026-06-01 05:57:21,382 INFO sqlalchemy.engine.Engine SELECT * FROM cc_ObjAttDes WHERE bk_obj_id = ? ORDER BY bk_property_index
2026-06-01 05:57:21,382 INFO sqlalchemy.engine.Engine [cached since 924.1s ago] ('bk_slb_listener',)
2026-06-01 05:57:21,383 INFO sqlalchemy.engine.Engine ROLLBACK
127.0.0.1 - - [01/Jun/2026 05:57:21] "GET /api/v1/models/bk_slb_listener/attributes HTTP/1.1" 200 -
2026-06-01 05:57:21,459 INFO sqlalchemy.engine.Engine BEGIN (implicit)
2026-06-01 05:57:21,460 INFO sqlalchemy.engine.Engine SELECT config_key, config_value FROM user_custom WHERE user_name = ? AND config_key = ?
2026-06-01 05:57:21,460 INFO sqlalchemy.engine.Engine [cached since 924.1s ago] ('admin', 'columns_bk_slb_listener')
2026-06-01 05:57:21,460 INFO sqlalchemy.engine.Engine ROLLBACK
127.0.0.1 - - [01/Jun/2026 05:57:21] "GET /api/usercustom/model/bk_slb_listener HTTP/1.1" 200 -
2026-06-01 05:57:21,633 INFO sqlalchemy.engine.Engine BEGIN (implicit)
2026-06-01 05:57:21,633 INFO sqlalchemy.engine.Engine SELECT * FROM "cc_ObjectBase_0_pub_bk_slb_listener"WHERE "bk_protocol" IN (?) AND (LOWER(CAST("description" AS TEXT)) LIKE LOWER(?)) ORDER BY "id" DESC LIMIT ? OFFSET ?
2026-06-01 05:57:21,633 INFO sqlalchemy.engine.Engine [generated in 0.00031s] ('TCP', '%red%', 20, 0)
2026-06-01 05:57:21,634 INFO sqlalchemy.engine.Engine ROLLBACK
2026-06-01 05:57:21,634 INFO sqlalchemy.engine.Engine BEGIN (implicit)
2026-06-01 05:57:21,634 INFO sqlalchemy.engine.Engine SELECT COUNT(*) as total FROM "cc_ObjectBase_0_pub_bk_slb_listener" WHERE "bk_protocol" IN (?) AND (LOWER(CAST("description" AS TEXT)) LIKE LOWER(?))
2026-06-01 05:57:21,634 INFO sqlalchemy.engine.Engine [generated in 0.00016s] ('TCP', '%red%')
2026-06-01 05:57:21,634 INFO sqlalchemy.engine.Engine ROLLBACK
127.0.0.1 - - [01/Jun/2026 05:57:21] "POST /api/v1/models/bk_slb_listener/instances/search HTTP/1.1" 200 -
2026-06-01 05:57:36,950 INFO sqlalchemy.engine.Engine BEGIN (implicit)
2026-06-01 05:57:36,950 INFO sqlalchemy.engine.Engine SELECT * FROM "cc_ObjectBase_0_pub_bk_slb_listener" WHERE id = ?
2026-06-01 05:57:36,950 INFO sqlalchemy.engine.Engine [cached since 131.5s ago] ('31',)
2026-06-01 05:57:36,950 INFO sqlalchemy.engine.Engine ROLLBACK
127.0.0.1 - - [01/Jun/2026 05:57:36] "GET /api/v1/models/bk_slb_listener/instances/31 HTTP/1.1" 200 -
2026-06-01 05:57:37,002 INFO sqlalchemy.engine.Engine BEGIN (implicit)
2026-06-01 05:57:37,002 INFO sqlalchemy.engine.Engine 
            SELECT * FROM cc_InstAsst_0_pub 
            WHERE bk_inst_id = ? OR bk_asst_inst_id = ?
        
2026-06-01 05:57:37,002 INFO sqlalchemy.engine.Engine [cached since 865.6s ago] ('31', '31')
2026-06-01 05:57:37,002 INFO sqlalchemy.engine.Engine ROLLBACK
127.0.0.1 - - [01/Jun/2026 05:57:37] "GET /api/v1/instances/31/associations HTTP/1.1" 200 -
2026-06-01 05:57:37,048 INFO sqlalchemy.engine.Engine BEGIN (implicit)
2026-06-01 05:57:37,048 INFO sqlalchemy.engine.Engine 
            SELECT 
                oa.bk_asst_id as bk_relation_type_id, 
                ad.bk_asst_name as bk_relation_type_name, 
                oa.bk_obj_id as bk_src_model, 
                oa.target_obj_id as bk_dst_model, 
                oa.bk_obj_asst_id,
                oa.bk_obj_asst_name
            FROM cc_ObjAsst oa
            JOIN cc_AsstDes ad ON oa.bk_asst_id = ad.bk_asst_id
        
2026-06-01 05:57:37,048 INFO sqlalchemy.engine.Engine [cached since 865.6s ago] ()
2026-06-01 05:57:37,049 INFO sqlalchemy.engine.Engine ROLLBACK
127.0.0.1 - - [01/Jun/2026 05:57:37] "GET /api/v1/relations HTTP/1.1" 200 -
2026-06-01 05:57:37,101 INFO sqlalchemy.engine.Engine BEGIN (implicit)
2026-06-01 05:57:37,101 INFO sqlalchemy.engine.Engine SELECT * FROM cc_ObjAttDes WHERE bk_obj_id = ? ORDER BY bk_property_index
2026-06-01 05:57:37,102 INFO sqlalchemy.engine.Engine [cached since 939.8s ago] ('bk_slb_listener',)
2026-06-01 05:57:37,102 INFO sqlalchemy.engine.Engine ROLLBACK
127.0.0.1 - - [01/Jun/2026 05:57:37] "GET /api/v1/models/bk_slb_listener/attributes HTTP/1.1" 200 -
2026-06-01 05:57:37,152 INFO sqlalchemy.engine.Engine BEGIN (implicit)
2026-06-01 05:57:37,152 INFO sqlalchemy.engine.Engine SELECT * FROM "cc_ObjectBase_0_pub_bk_slb_listener" ORDER BY id LIMIT ? OFFSET ?
2026-06-01 05:57:37,152 INFO sqlalchemy.engine.Engine [cached since 159.8s ago] (100, 0)
2026-06-01 05:57:37,153 INFO sqlalchemy.engine.Engine ROLLBACK
2026-06-01 05:57:37,153 INFO sqlalchemy.engine.Engine BEGIN (implicit)
2026-06-01 05:57:37,153 INFO sqlalchemy.engine.Engine SELECT COUNT(*) as total FROM "cc_ObjectBase_0_pub_bk_slb_listener"
2026-06-01 05:57:37,153 INFO sqlalchemy.engine.Engine [cached since 159.8s ago] ()
2026-06-01 05:57:37,153 INFO sqlalchemy.engine.Engine ROLLBACK
127.0.0.1 - - [01/Jun/2026 05:57:37] "GET /api/v1/models/bk_slb_listener/instances?page=1&page_size=100 HTTP/1.1" 200 -
2026-06-01 05:57:38,582 INFO sqlalchemy.engine.Engine BEGIN (implicit)
2026-06-01 05:57:38,582 INFO sqlalchemy.engine.Engine SELECT * FROM cc_ObjAttDes WHERE bk_obj_id = ? ORDER BY bk_property_index
2026-06-01 05:57:38,583 INFO sqlalchemy.engine.Engine [cached since 941.3s ago] ('bk_slb_listener',)
2026-06-01 05:57:38,583 INFO sqlalchemy.engine.Engine ROLLBACK
127.0.0.1 - - [01/Jun/2026 05:57:38] "GET /api/v1/models/bk_slb_listener/attributes HTTP/1.1" 200 -
2026-06-01 05:57:38,650 INFO sqlalchemy.engine.Engine BEGIN (implicit)
2026-06-01 05:57:38,651 INFO sqlalchemy.engine.Engine SELECT config_key, config_value FROM user_custom WHERE user_name = ? AND config_key = ?
2026-06-01 05:57:38,651 INFO sqlalchemy.engine.Engine [cached since 941.3s ago] ('admin', 'columns_bk_slb_listener')
2026-06-01 05:57:38,651 INFO sqlalchemy.engine.Engine ROLLBACK
127.0.0.1 - - [01/Jun/2026 05:57:38] "GET /api/usercustom/model/bk_slb_listener HTTP/1.1" 200 -
2026-06-01 05:57:38,692 INFO sqlalchemy.engine.Engine BEGIN (implicit)
2026-06-01 05:57:38,692 INFO sqlalchemy.engine.Engine SELECT * FROM cc_ObjAttDes WHERE bk_obj_id = ? ORDER BY bk_property_index
2026-06-01 05:57:38,692 INFO sqlalchemy.engine.Engine [cached since 941.4s ago] ('bk_slb_listener',)
2026-06-01 05:57:38,692 INFO sqlalchemy.engine.Engine ROLLBACK
127.0.0.1 - - [01/Jun/2026 05:57:38] "GET /api/v1/models/bk_slb_listener/attributes HTTP/1.1" 200 -
2026-06-01 05:57:38,740 INFO sqlalchemy.engine.Engine BEGIN (implicit)
2026-06-01 05:57:38,740 INFO sqlalchemy.engine.Engine SELECT * FROM "cc_ObjectBase_0_pub_bk_slb_listener"WHERE "bk_protocol" IN (?) AND (LOWER(CAST("description" AS TEXT)) LIKE LOWER(?)) ORDER BY "id" DESC LIMIT ? OFFSET ?
2026-06-01 05:57:38,740 INFO sqlalchemy.engine.Engine [cached since 17.11s ago] ('TCP', '%red%', 10, 0)
2026-06-01 05:57:38,740 INFO sqlalchemy.engine.Engine ROLLBACK
2026-06-01 05:57:38,740 INFO sqlalchemy.engine.Engine BEGIN (implicit)
2026-06-01 05:57:38,741 INFO sqlalchemy.engine.Engine SELECT COUNT(*) as total FROM "cc_ObjectBase_0_pub_bk_slb_listener" WHERE "bk_protocol" IN (?) AND (LOWER(CAST("description" AS TEXT)) LIKE LOWER(?))
2026-06-01 05:57:38,741 INFO sqlalchemy.engine.Engine [cached since 17.11s ago] ('TCP', '%red%')
2026-06-01 05:57:38,741 INFO sqlalchemy.engine.Engine ROLLBACK
127.0.0.1 - - [01/Jun/2026 05:57:38] "POST /api/v1/models/bk_slb_listener/instances/search HTTP/1.1" 200 -
2026-06-01 05:57:38,744 INFO sqlalchemy.engine.Engine BEGIN (implicit)
2026-06-01 05:57:38,744 INFO sqlalchemy.engine.Engine SELECT config_key, config_value FROM user_custom WHERE user_name = ? AND config_key = ?
2026-06-01 05:57:38,744 INFO sqlalchemy.engine.Engine [cached since 941.4s ago] ('admin', 'columns_bk_slb_listener')
2026-06-01 05:57:38,744 INFO sqlalchemy.engine.Engine ROLLBACK
127.0.0.1 - - [01/Jun/2026 05:57:38] "GET /api/usercustom/model/bk_slb_listener HTTP/1.1" 200 -
2026-06-01 05:57:38,836 INFO sqlalchemy.engine.Engine BEGIN (implicit)
2026-06-01 05:57:38,836 INFO sqlalchemy.engine.Engine SELECT * FROM "cc_ObjectBase_0_pub_bk_slb_listener"WHERE "bk_protocol" IN (?) AND (LOWER(CAST("description" AS TEXT)) LIKE LOWER(?)) ORDER BY "id" DESC LIMIT ? OFFSET ?
2026-06-01 05:57:38,836 INFO sqlalchemy.engine.Engine [cached since 17.2s ago] ('TCP', '%red%', 10, 0)
2026-06-01 05:57:38,837 INFO sqlalchemy.engine.Engine ROLLBACK
2026-06-01 05:57:38,837 INFO sqlalchemy.engine.Engine BEGIN (implicit)
2026-06-01 05:57:38,837 INFO sqlalchemy.engine.Engine SELECT COUNT(*) as total FROM "cc_ObjectBase_0_pub_bk_slb_listener" WHERE "bk_protocol" IN (?) AND (LOWER(CAST("description" AS TEXT)) LIKE LOWER(?))
2026-06-01 05:57:38,837 INFO sqlalchemy.engine.Engine [cached since 17.2s ago] ('TCP', '%red%')
2026-06-01 05:57:38,837 INFO sqlalchemy.engine.Engine ROLLBACK
127.0.0.1 - - [01/Jun/2026 05:57:38] "POST /api/v1/models/bk_slb_listener/instances/search HTTP/1.1" 200 -
2026-06-01 06:05:03,481 INFO sqlalchemy.engine.Engine ROLLBACK
127.0.0.1 - - [01/Jun/2026 06:05:03] "POST /api/usercustom/user/search HTTP/1.1" 200 -
2026-06-01 06:05:03,519 INFO sqlalchemy.engine.Engine BEGIN (implicit)
2026-06-01 06:05:03,519 INFO sqlalchemy.engine.Engine SELECT * FROM cc_ObjClassification ORDER BY id
2026-06-01 06:05:03,519 INFO sqlalchemy.engine.Engine [cached since 1395s ago] ()
2026-06-01 06:05:03,519 INFO sqlalchemy.engine.Engine ROLLBACK
2026-06-01 06:05:03,520 INFO sqlalchemy.engine.Engine BEGIN (implicit)
2026-06-01 06:05:03,520 INFO sqlalchemy.engine.Engine SELECT * FROM cc_ObjDes WHERE bk_classification_id = ? ORDER BY obj_sort_number
2026-06-01 06:05:03,520 INFO sqlalchemy.engine.Engine [cached since 1395s ago] ('bk_network',)
2026-06-01 06:05:03,520 INFO sqlalchemy.engine.Engine ROLLBACK
2026-06-01 06:05:03,521 INFO sqlalchemy.engine.Engine BEGIN (implicit)
2026-06-01 06:05:03,521 INFO sqlalchemy.engine.Engine SELECT * FROM cc_ObjDes WHERE bk_classification_id = ? ORDER BY obj_sort_number
2026-06-01 06:05:03,521 INFO sqlalchemy.engine.Engine [cached since 1395s ago] ('bk_host_manage',)
2026-06-01 06:05:03,521 INFO sqlalchemy.engine.Engine ROLLBACK
2026-06-01 06:05:03,521 INFO sqlalchemy.engine.Engine BEGIN (implicit)
2026-06-01 06:05:03,521 INFO sqlalchemy.engine.Engine SELECT * FROM cc_ObjDes WHERE bk_classification_id = ? ORDER BY obj_sort_number
2026-06-01 06:05:03,521 INFO sqlalchemy.engine.Engine [cached since 1395s ago] ('bk_loadbalance',)
2026-06-01 06:05:03,522 INFO sqlalchemy.engine.Engine ROLLBACK
127.0.0.1 - - [01/Jun/2026 06:05:03] "POST /api/v1/classifications/find/classificationobject HTTP/1.1" 200 -
2026-06-01 06:05:21,236 INFO sqlalchemy.engine.Engine ROLLBACK
127.0.0.1 - - [01/Jun/2026 06:05:21] "POST /api/usercustom/user/search HTTP/1.1" 200 -
2026-06-01 06:05:21,562 INFO sqlalchemy.engine.Engine BEGIN (implicit)
2026-06-01 06:05:21,562 INFO sqlalchemy.engine.Engine SELECT * FROM cc_ObjClassification ORDER BY id
2026-06-01 06:05:21,563 INFO sqlalchemy.engine.Engine [cached since 1413s ago] ()
2026-06-01 06:05:21,563 INFO sqlalchemy.engine.Engine ROLLBACK
2026-06-01 06:05:21,563 INFO sqlalchemy.engine.Engine BEGIN (implicit)
2026-06-01 06:05:21,563 INFO sqlalchemy.engine.Engine SELECT * FROM cc_ObjDes WHERE bk_classification_id = ? ORDER BY obj_sort_number
2026-06-01 06:05:21,563 INFO sqlalchemy.engine.Engine [cached since 1413s ago] ('bk_network',)
2026-06-01 06:05:21,564 INFO sqlalchemy.engine.Engine ROLLBACK
2026-06-01 06:05:21,564 INFO sqlalchemy.engine.Engine BEGIN (implicit)
2026-06-01 06:05:21,564 INFO sqlalchemy.engine.Engine SELECT * FROM cc_ObjDes WHERE bk_classification_id = ? ORDER BY obj_sort_number
2026-06-01 06:05:21,564 INFO sqlalchemy.engine.Engine [cached since 1413s ago] ('bk_host_manage',)
2026-06-01 06:05:21,564 INFO sqlalchemy.engine.Engine ROLLBACK
2026-06-01 06:05:21,564 INFO sqlalchemy.engine.Engine BEGIN (implicit)
2026-06-01 06:05:21,564 INFO sqlalchemy.engine.Engine SELECT * FROM cc_ObjDes WHERE bk_classification_id = ? ORDER BY obj_sort_number
2026-06-01 06:05:21,564 INFO sqlalchemy.engine.Engine [cached since 1413s ago] ('bk_loadbalance',)
2026-06-01 06:05:21,565 INFO sqlalchemy.engine.Engine ROLLBACK
127.0.0.1 - - [01/Jun/2026 06:05:21] "POST /api/v1/classifications/find/classificationobject HTTP/1.1" 200 -
2026-06-01 06:05:45,609 INFO sqlalchemy.engine.Engine BEGIN (implicit)
2026-06-01 06:05:45,609 INFO sqlalchemy.engine.Engine SELECT * FROM cc_ObjAttDes WHERE bk_obj_id = ? ORDER BY bk_property_index
2026-06-01 06:05:45,609 INFO sqlalchemy.engine.Engine [cached since 1428s ago] ('bk_slb_listener',)
2026-06-01 06:05:45,610 INFO sqlalchemy.engine.Engine ROLLBACK
127.0.0.1 - - [01/Jun/2026 06:05:45] "GET /api/v1/models/bk_slb_listener/attributes HTTP/1.1" 200 -
2026-06-01 06:05:46,246 INFO sqlalchemy.engine.Engine BEGIN (implicit)
2026-06-01 06:05:46,246 INFO sqlalchemy.engine.Engine SELECT config_key, config_value FROM user_custom WHERE user_name = ? AND config_key = ?
2026-06-01 06:05:46,246 INFO sqlalchemy.engine.Engine [cached since 1429s ago] ('admin', 'columns_bk_slb_listener')
2026-06-01 06:05:46,246 INFO sqlalchemy.engine.Engine ROLLBACK
127.0.0.1 - - [01/Jun/2026 06:05:46] "GET /api/usercustom/model/bk_slb_listener HTTP/1.1" 200 -
2026-06-01 06:05:46,764 INFO sqlalchemy.engine.Engine BEGIN (implicit)
2026-06-01 06:05:46,764 INFO sqlalchemy.engine.Engine SELECT * FROM "cc_ObjectBase_0_pub_bk_slb_listener" ORDER BY id LIMIT ? OFFSET ?
2026-06-01 06:05:46,764 INFO sqlalchemy.engine.Engine [cached since 649.4s ago] (10, 0)
2026-06-01 06:05:46,764 INFO sqlalchemy.engine.Engine ROLLBACK
2026-06-01 06:05:46,765 INFO sqlalchemy.engine.Engine BEGIN (implicit)
2026-06-01 06:05:46,765 INFO sqlalchemy.engine.Engine SELECT COUNT(*) as total FROM "cc_ObjectBase_0_pub_bk_slb_listener"
2026-06-01 06:05:46,765 INFO sqlalchemy.engine.Engine [cached since 649.4s ago] ()
2026-06-01 06:05:46,765 INFO sqlalchemy.engine.Engine ROLLBACK
127.0.0.1 - - [01/Jun/2026 06:05:46] "POST /api/v1/models/bk_slb_listener/instances/search HTTP/1.1" 200 -
2026-06-01 06:05:56,837 INFO sqlalchemy.engine.Engine BEGIN (implicit)
2026-06-01 06:05:56,837 INFO sqlalchemy.engine.Engine SELECT * FROM cc_ObjAttDes WHERE bk_obj_id = ? ORDER BY bk_property_index
2026-06-01 06:05:56,837 INFO sqlalchemy.engine.Engine [cached since 1440s ago] ('bk_slb_listener',)
2026-06-01 06:05:56,837 INFO sqlalchemy.engine.Engine ROLLBACK
127.0.0.1 - - [01/Jun/2026 06:05:56] "GET /api/v1/models/bk_slb_listener/attributes HTTP/1.1" 200 -
2026-06-01 06:05:57,478 INFO sqlalchemy.engine.Engine BEGIN (implicit)
2026-06-01 06:05:57,478 INFO sqlalchemy.engine.Engine SELECT config_key, config_value FROM user_custom WHERE user_name = ? AND config_key = ?
2026-06-01 06:05:57,478 INFO sqlalchemy.engine.Engine [cached since 1440s ago] ('admin', 'columns_bk_slb_listener')
2026-06-01 06:05:57,478 INFO sqlalchemy.engine.Engine ROLLBACK
127.0.0.1 - - [01/Jun/2026 06:05:57] "GET /api/usercustom/model/bk_slb_listener HTTP/1.1" 200 -
2026-06-01 06:05:58,262 INFO sqlalchemy.engine.Engine BEGIN (implicit)
2026-06-01 06:05:58,262 INFO sqlalchemy.engine.Engine SELECT * FROM "cc_ObjectBase_0_pub_bk_slb_listener"WHERE "bk_protocol" IN (?) ORDER BY "id" DESC LIMIT ? OFFSET ?
2026-06-01 06:05:58,262 INFO sqlalchemy.engine.Engine [cached since 650.5s ago] ('TCP', 20, 0)
2026-06-01 06:05:58,262 INFO sqlalchemy.engine.Engine ROLLBACK
2026-06-01 06:05:58,262 INFO sqlalchemy.engine.Engine BEGIN (implicit)
2026-06-01 06:05:58,262 INFO sqlalchemy.engine.Engine SELECT COUNT(*) as total FROM "cc_ObjectBase_0_pub_bk_slb_listener" WHERE "bk_protocol" IN (?)
2026-06-01 06:05:58,263 INFO sqlalchemy.engine.Engine [cached since 650.5s ago] ('TCP',)
2026-06-01 06:05:58,263 INFO sqlalchemy.engine.Engine ROLLBACK
127.0.0.1 - - [01/Jun/2026 06:05:58] "POST /api/v1/models/bk_slb_listener/instances/search HTTP/1.1" 200 -
2026-06-01 06:06:11,699 INFO sqlalchemy.engine.Engine BEGIN (implicit)
2026-06-01 06:06:11,699 INFO sqlalchemy.engine.Engine SELECT * FROM "cc_ObjectBase_0_pub_bk_slb_listener" WHERE id = ?
2026-06-01 06:06:11,699 INFO sqlalchemy.engine.Engine [cached since 646.3s ago] ('42',)
2026-06-01 06:06:11,699 INFO sqlalchemy.engine.Engine ROLLBACK
127.0.0.1 - - [01/Jun/2026 06:06:11] "GET /api/v1/models/bk_slb_listener/instances/42 HTTP/1.1" 200 -
2026-06-01 06:06:11,878 INFO sqlalchemy.engine.Engine BEGIN (implicit)
2026-06-01 06:06:11,878 INFO sqlalchemy.engine.Engine 
            SELECT * FROM cc_InstAsst_0_pub 
            WHERE bk_inst_id = ? OR bk_asst_inst_id = ?
        
2026-06-01 06:06:11,878 INFO sqlalchemy.engine.Engine [cached since 1380s ago] ('42', '42')
2026-06-01 06:06:11,878 INFO sqlalchemy.engine.Engine ROLLBACK
127.0.0.1 - - [01/Jun/2026 06:06:11] "GET /api/v1/instances/42/associations HTTP/1.1" 200 -
2026-06-01 06:06:12,142 INFO sqlalchemy.engine.Engine BEGIN (implicit)
2026-06-01 06:06:12,142 INFO sqlalchemy.engine.Engine 
            SELECT 
                oa.bk_asst_id as bk_relation_type_id, 
                ad.bk_asst_name as bk_relation_type_name, 
                oa.bk_obj_id as bk_src_model, 
                oa.target_obj_id as bk_dst_model, 
                oa.bk_obj_asst_id,
                oa.bk_obj_asst_name
            FROM cc_ObjAsst oa
            JOIN cc_AsstDes ad ON oa.bk_asst_id = ad.bk_asst_id
        
2026-06-01 06:06:12,142 INFO sqlalchemy.engine.Engine [cached since 1381s ago] ()
2026-06-01 06:06:12,142 INFO sqlalchemy.engine.Engine ROLLBACK
127.0.0.1 - - [01/Jun/2026 06:06:12] "GET /api/v1/relations HTTP/1.1" 200 -
2026-06-01 06:06:12,343 INFO sqlalchemy.engine.Engine BEGIN (implicit)
2026-06-01 06:06:12,344 INFO sqlalchemy.engine.Engine SELECT * FROM cc_ObjAttDes WHERE bk_obj_id = ? ORDER BY bk_property_index
2026-06-01 06:06:12,344 INFO sqlalchemy.engine.Engine [cached since 1455s ago] ('bk_slb_listener',)
2026-06-01 06:06:12,344 INFO sqlalchemy.engine.Engine ROLLBACK
127.0.0.1 - - [01/Jun/2026 06:06:12] "GET /api/v1/models/bk_slb_listener/attributes HTTP/1.1" 200 -
2026-06-01 06:06:12,536 INFO sqlalchemy.engine.Engine BEGIN (implicit)
2026-06-01 06:06:12,536 INFO sqlalchemy.engine.Engine SELECT * FROM "cc_ObjectBase_0_pub_bk_slb_listener" ORDER BY id LIMIT ? OFFSET ?
2026-06-01 06:06:12,536 INFO sqlalchemy.engine.Engine [cached since 675.2s ago] (100, 0)
2026-06-01 06:06:12,537 INFO sqlalchemy.engine.Engine ROLLBACK
2026-06-01 06:06:12,537 INFO sqlalchemy.engine.Engine BEGIN (implicit)
2026-06-01 06:06:12,537 INFO sqlalchemy.engine.Engine SELECT COUNT(*) as total FROM "cc_ObjectBase_0_pub_bk_slb_listener"
2026-06-01 06:06:12,537 INFO sqlalchemy.engine.Engine [cached since 675.2s ago] ()
2026-06-01 06:06:12,537 INFO sqlalchemy.engine.Engine ROLLBACK
127.0.0.1 - - [01/Jun/2026 06:06:12] "GET /api/v1/models/bk_slb_listener/instances?page=1&page_size=100 HTTP/1.1" 200 -
2026-06-01 06:06:14,165 INFO sqlalchemy.engine.Engine BEGIN (implicit)
2026-06-01 06:06:14,165 INFO sqlalchemy.engine.Engine SELECT * FROM cc_ObjAttDes WHERE bk_obj_id = ? ORDER BY bk_property_index
2026-06-01 06:06:14,165 INFO sqlalchemy.engine.Engine [cached since 1457s ago] ('bk_slb_listener',)
2026-06-01 06:06:14,166 INFO sqlalchemy.engine.Engine ROLLBACK
127.0.0.1 - - [01/Jun/2026 06:06:14] "GET /api/v1/models/bk_slb_listener/attributes HTTP/1.1" 200 -
2026-06-01 06:06:14,433 INFO sqlalchemy.engine.Engine BEGIN (implicit)
2026-06-01 06:06:14,433 INFO sqlalchemy.engine.Engine SELECT config_key, config_value FROM user_custom WHERE user_name = ? AND config_key = ?
2026-06-01 06:06:14,433 INFO sqlalchemy.engine.Engine [cached since 1457s ago] ('admin', 'columns_bk_slb_listener')
2026-06-01 06:06:14,434 INFO sqlalchemy.engine.Engine ROLLBACK
127.0.0.1 - - [01/Jun/2026 06:06:14] "GET /api/usercustom/model/bk_slb_listener HTTP/1.1" 200 -
2026-06-01 06:06:14,437 INFO sqlalchemy.engine.Engine BEGIN (implicit)
2026-06-01 06:06:14,437 INFO sqlalchemy.engine.Engine SELECT * FROM cc_ObjAttDes WHERE bk_obj_id = ? ORDER BY bk_property_index
2026-06-01 06:06:14,437 INFO sqlalchemy.engine.Engine [cached since 1457s ago] ('bk_slb_listener',)
2026-06-01 06:06:14,437 INFO sqlalchemy.engine.Engine ROLLBACK
127.0.0.1 - - [01/Jun/2026 06:06:14] "GET /api/v1/models/bk_slb_listener/attributes HTTP/1.1" 200 -
2026-06-01 06:06:14,687 INFO sqlalchemy.engine.Engine BEGIN (implicit)
2026-06-01 06:06:14,687 INFO sqlalchemy.engine.Engine SELECT * FROM "cc_ObjectBase_0_pub_bk_slb_listener"WHERE "bk_protocol" IN (?) ORDER BY "id" DESC LIMIT ? OFFSET ?
2026-06-01 06:06:14,688 INFO sqlalchemy.engine.Engine [cached since 667s ago] ('TCP', 10, 0)
2026-06-01 06:06:14,688 INFO sqlalchemy.engine.Engine ROLLBACK
2026-06-01 06:06:14,688 INFO sqlalchemy.engine.Engine BEGIN (implicit)
2026-06-01 06:06:14,688 INFO sqlalchemy.engine.Engine SELECT COUNT(*) as total FROM "cc_ObjectBase_0_pub_bk_slb_listener" WHERE "bk_protocol" IN (?)
2026-06-01 06:06:14,688 INFO sqlalchemy.engine.Engine [cached since 667s ago] ('TCP',)
2026-06-01 06:06:14,688 INFO sqlalchemy.engine.Engine ROLLBACK
127.0.0.1 - - [01/Jun/2026 06:06:14] "POST /api/v1/models/bk_slb_listener/instances/search HTTP/1.1" 200 -
2026-06-01 06:06:14,692 INFO sqlalchemy.engine.Engine BEGIN (implicit)
2026-06-01 06:06:14,692 INFO sqlalchemy.engine.Engine SELECT config_key, config_value FROM user_custom WHERE user_name = ? AND config_key = ?
2026-06-01 06:06:14,692 INFO sqlalchemy.engine.Engine [cached since 1457s ago] ('admin', 'columns_bk_slb_listener')
2026-06-01 06:06:14,692 INFO sqlalchemy.engine.Engine ROLLBACK
127.0.0.1 - - [01/Jun/2026 06:06:14] "GET /api/usercustom/model/bk_slb_listener HTTP/1.1" 200 -
2026-06-01 06:06:15,020 INFO sqlalchemy.engine.Engine BEGIN (implicit)
2026-06-01 06:06:15,020 INFO sqlalchemy.engine.Engine SELECT * FROM "cc_ObjectBase_0_pub_bk_slb_listener"WHERE "bk_protocol" IN (?) ORDER BY "id" DESC LIMIT ? OFFSET ?
2026-06-01 06:06:15,020 INFO sqlalchemy.engine.Engine [cached since 667.3s ago] ('TCP', 10, 0)
2026-06-01 06:06:15,020 INFO sqlalchemy.engine.Engine ROLLBACK
2026-06-01 06:06:15,021 INFO sqlalchemy.engine.Engine BEGIN (implicit)
2026-06-01 06:06:15,021 INFO sqlalchemy.engine.Engine SELECT COUNT(*) as total FROM "cc_ObjectBase_0_pub_bk_slb_listener" WHERE "bk_protocol" IN (?)
2026-06-01 06:06:15,021 INFO sqlalchemy.engine.Engine [cached since 667.3s ago] ('TCP',)
2026-06-01 06:06:15,021 INFO sqlalchemy.engine.Engine ROLLBACK
127.0.0.1 - - [01/Jun/2026 06:06:15] "POST /api/v1/models/bk_slb_listener/instances/search HTTP/1.1" 200 -
2026-06-01 06:10:42,463 INFO sqlalchemy.engine.Engine ROLLBACK
127.0.0.1 - - [01/Jun/2026 06:10:42] "POST /api/usercustom/user/search HTTP/1.1" 200 -
2026-06-01 06:10:42,496 INFO sqlalchemy.engine.Engine BEGIN (implicit)
2026-06-01 06:10:42,497 INFO sqlalchemy.engine.Engine SELECT * FROM cc_ObjClassification ORDER BY id
2026-06-01 06:10:42,497 INFO sqlalchemy.engine.Engine [cached since 1734s ago] ()
2026-06-01 06:10:42,497 INFO sqlalchemy.engine.Engine ROLLBACK
2026-06-01 06:10:42,497 INFO sqlalchemy.engine.Engine BEGIN (implicit)
2026-06-01 06:10:42,498 INFO sqlalchemy.engine.Engine SELECT * FROM cc_ObjDes WHERE bk_classification_id = ? ORDER BY obj_sort_number
2026-06-01 06:10:42,498 INFO sqlalchemy.engine.Engine [cached since 1734s ago] ('bk_network',)
2026-06-01 06:10:42,498 INFO sqlalchemy.engine.Engine ROLLBACK
2026-06-01 06:10:42,498 INFO sqlalchemy.engine.Engine BEGIN (implicit)
2026-06-01 06:10:42,498 INFO sqlalchemy.engine.Engine SELECT * FROM cc_ObjDes WHERE bk_classification_id = ? ORDER BY obj_sort_number
2026-06-01 06:10:42,499 INFO sqlalchemy.engine.Engine [cached since 1734s ago] ('bk_host_manage',)
2026-06-01 06:10:42,499 INFO sqlalchemy.engine.Engine ROLLBACK
2026-06-01 06:10:42,499 INFO sqlalchemy.engine.Engine BEGIN (implicit)
2026-06-01 06:10:42,499 INFO sqlalchemy.engine.Engine SELECT * FROM cc_ObjDes WHERE bk_classification_id = ? ORDER BY obj_sort_number
2026-06-01 06:10:42,499 INFO sqlalchemy.engine.Engine [cached since 1734s ago] ('bk_loadbalance',)
2026-06-01 06:10:42,500 INFO sqlalchemy.engine.Engine ROLLBACK
127.0.0.1 - - [01/Jun/2026 06:10:42] "POST /api/v1/classifications/find/classificationobject HTTP/1.1" 200 -
2026-06-01 06:16:07,312 INFO sqlalchemy.engine.Engine ROLLBACK
127.0.0.1 - - [01/Jun/2026 06:16:07] "POST /api/usercustom/user/search HTTP/1.1" 200 -
2026-06-01 06:16:07,381 INFO sqlalchemy.engine.Engine BEGIN (implicit)
2026-06-01 06:16:07,381 INFO sqlalchemy.engine.Engine SELECT * FROM cc_ObjClassification ORDER BY id
2026-06-01 06:16:07,381 INFO sqlalchemy.engine.Engine [cached since 2059s ago] ()
2026-06-01 06:16:07,381 INFO sqlalchemy.engine.Engine ROLLBACK
2026-06-01 06:16:07,382 INFO sqlalchemy.engine.Engine BEGIN (implicit)
2026-06-01 06:16:07,382 INFO sqlalchemy.engine.Engine SELECT * FROM cc_ObjDes WHERE bk_classification_id = ? ORDER BY obj_sort_number
2026-06-01 06:16:07,382 INFO sqlalchemy.engine.Engine [cached since 2059s ago] ('bk_network',)
2026-06-01 06:16:07,382 INFO sqlalchemy.engine.Engine ROLLBACK
2026-06-01 06:16:07,382 INFO sqlalchemy.engine.Engine BEGIN (implicit)
2026-06-01 06:16:07,382 INFO sqlalchemy.engine.Engine SELECT * FROM cc_ObjDes WHERE bk_classification_id = ? ORDER BY obj_sort_number
2026-06-01 06:16:07,383 INFO sqlalchemy.engine.Engine [cached since 2059s ago] ('bk_host_manage',)
2026-06-01 06:16:07,383 INFO sqlalchemy.engine.Engine ROLLBACK
2026-06-01 06:16:07,383 INFO sqlalchemy.engine.Engine BEGIN (implicit)
2026-06-01 06:16:07,383 INFO sqlalchemy.engine.Engine SELECT * FROM cc_ObjDes WHERE bk_classification_id = ? ORDER BY obj_sort_number
2026-06-01 06:16:07,383 INFO sqlalchemy.engine.Engine [cached since 2059s ago] ('bk_loadbalance',)
2026-06-01 06:16:07,383 INFO sqlalchemy.engine.Engine ROLLBACK
127.0.0.1 - - [01/Jun/2026 06:16:07] "POST /api/v1/classifications/find/classificationobject HTTP/1.1" 200 -
2026-06-01 06:16:09,701 INFO sqlalchemy.engine.Engine BEGIN (implicit)
2026-06-01 06:16:09,702 INFO sqlalchemy.engine.Engine SELECT * FROM cc_ObjAttDes WHERE bk_obj_id = ? ORDER BY bk_property_index
2026-06-01 06:16:09,702 INFO sqlalchemy.engine.Engine [cached since 2052s ago] ('bk_slb_listener',)
2026-06-01 06:16:09,702 INFO sqlalchemy.engine.Engine ROLLBACK
127.0.0.1 - - [01/Jun/2026 06:16:09] "GET /api/v1/models/bk_slb_listener/attributes HTTP/1.1" 200 -
2026-06-01 06:16:09,990 INFO sqlalchemy.engine.Engine BEGIN (implicit)
2026-06-01 06:16:09,990 INFO sqlalchemy.engine.Engine SELECT config_key, config_value FROM user_custom WHERE user_name = ? AND config_key = ?
2026-06-01 06:16:09,990 INFO sqlalchemy.engine.Engine [cached since 2053s ago] ('admin', 'columns_bk_slb_listener')
2026-06-01 06:16:09,991 INFO sqlalchemy.engine.Engine ROLLBACK
127.0.0.1 - - [01/Jun/2026 06:16:09] "GET /api/usercustom/model/bk_slb_listener HTTP/1.1" 200 -
2026-06-01 06:16:10,057 INFO sqlalchemy.engine.Engine BEGIN (implicit)
2026-06-01 06:16:10,058 INFO sqlalchemy.engine.Engine SELECT * FROM "cc_ObjectBase_0_pub_bk_slb_listener" ORDER BY id LIMIT ? OFFSET ?
2026-06-01 06:16:10,058 INFO sqlalchemy.engine.Engine [cached since 1273s ago] (10, 0)
2026-06-01 06:16:10,058 INFO sqlalchemy.engine.Engine ROLLBACK
2026-06-01 06:16:10,058 INFO sqlalchemy.engine.Engine BEGIN (implicit)
2026-06-01 06:16:10,058 INFO sqlalchemy.engine.Engine SELECT COUNT(*) as total FROM "cc_ObjectBase_0_pub_bk_slb_listener"
2026-06-01 06:16:10,058 INFO sqlalchemy.engine.Engine [cached since 1273s ago] ()
2026-06-01 06:16:10,059 INFO sqlalchemy.engine.Engine ROLLBACK
127.0.0.1 - - [01/Jun/2026 06:16:10] "POST /api/v1/models/bk_slb_listener/instances/search HTTP/1.1" 200 -
2026-06-01 06:16:28,045 INFO sqlalchemy.engine.Engine BEGIN (implicit)
2026-06-01 06:16:28,045 INFO sqlalchemy.engine.Engine SELECT * FROM cc_ObjAttDes WHERE bk_obj_id = ? ORDER BY bk_property_index
2026-06-01 06:16:28,045 INFO sqlalchemy.engine.Engine [cached since 2071s ago] ('bk_slb_listener',)
2026-06-01 06:16:28,046 INFO sqlalchemy.engine.Engine ROLLBACK
127.0.0.1 - - [01/Jun/2026 06:16:28] "GET /api/v1/models/bk_slb_listener/attributes HTTP/1.1" 200 -
2026-06-01 06:16:28,208 INFO sqlalchemy.engine.Engine BEGIN (implicit)
2026-06-01 06:16:28,208 INFO sqlalchemy.engine.Engine SELECT config_key, config_value FROM user_custom WHERE user_name = ? AND config_key = ?
2026-06-01 06:16:28,209 INFO sqlalchemy.engine.Engine [cached since 2071s ago] ('admin', 'columns_bk_slb_listener')
2026-06-01 06:16:28,209 INFO sqlalchemy.engine.Engine ROLLBACK
127.0.0.1 - - [01/Jun/2026 06:16:28] "GET /api/usercustom/model/bk_slb_listener HTTP/1.1" 200 -
2026-06-01 06:16:28,338 INFO sqlalchemy.engine.Engine BEGIN (implicit)
2026-06-01 06:16:28,339 INFO sqlalchemy.engine.Engine SELECT * FROM "cc_ObjectBase_0_pub_bk_slb_listener"WHERE "bk_health_check_type" IN (?) ORDER BY "id" DESC LIMIT ? OFFSET ?
2026-06-01 06:16:28,339 INFO sqlalchemy.engine.Engine [generated in 0.00035s] ('TCP', 20, 0)
2026-06-01 06:16:28,339 INFO sqlalchemy.engine.Engine ROLLBACK
2026-06-01 06:16:28,340 INFO sqlalchemy.engine.Engine BEGIN (implicit)
2026-06-01 06:16:28,340 INFO sqlalchemy.engine.Engine SELECT COUNT(*) as total FROM "cc_ObjectBase_0_pub_bk_slb_listener" WHERE "bk_health_check_type" IN (?)
2026-06-01 06:16:28,340 INFO sqlalchemy.engine.Engine [generated in 0.00023s] ('TCP',)
2026-06-01 06:16:28,340 INFO sqlalchemy.engine.Engine ROLLBACK
127.0.0.1 - - [01/Jun/2026 06:16:28] "POST /api/v1/models/bk_slb_listener/instances/search HTTP/1.1" 200 -
2026-06-01 06:16:38,540 INFO sqlalchemy.engine.Engine BEGIN (implicit)
2026-06-01 06:16:38,540 INFO sqlalchemy.engine.Engine SELECT * FROM "cc_ObjectBase_0_pub_bk_slb_listener" WHERE id = ?
2026-06-01 06:16:38,541 INFO sqlalchemy.engine.Engine [cached since 1273s ago] ('45',)
2026-06-01 06:16:38,541 INFO sqlalchemy.engine.Engine ROLLBACK
127.0.0.1 - - [01/Jun/2026 06:16:38] "GET /api/v1/models/bk_slb_listener/instances/45 HTTP/1.1" 200 -
2026-06-01 06:16:38,625 INFO sqlalchemy.engine.Engine BEGIN (implicit)
2026-06-01 06:16:38,626 INFO sqlalchemy.engine.Engine 
            SELECT * FROM cc_InstAsst_0_pub 
            WHERE bk_inst_id = ? OR bk_asst_inst_id = ?
        
2026-06-01 06:16:38,626 INFO sqlalchemy.engine.Engine [cached since 2007s ago] ('45', '45')
2026-06-01 06:16:38,626 INFO sqlalchemy.engine.Engine ROLLBACK
127.0.0.1 - - [01/Jun/2026 06:16:38] "GET /api/v1/instances/45/associations HTTP/1.1" 200 -
2026-06-01 06:16:38,678 INFO sqlalchemy.engine.Engine BEGIN (implicit)
2026-06-01 06:16:38,678 INFO sqlalchemy.engine.Engine 
            SELECT 
                oa.bk_asst_id as bk_relation_type_id, 
                ad.bk_asst_name as bk_relation_type_name, 
                oa.bk_obj_id as bk_src_model, 
                oa.target_obj_id as bk_dst_model, 
                oa.bk_obj_asst_id,
                oa.bk_obj_asst_name
            FROM cc_ObjAsst oa
            JOIN cc_AsstDes ad ON oa.bk_asst_id = ad.bk_asst_id
        
2026-06-01 06:16:38,678 INFO sqlalchemy.engine.Engine [cached since 2007s ago] ()
2026-06-01 06:16:38,678 INFO sqlalchemy.engine.Engine ROLLBACK
127.0.0.1 - - [01/Jun/2026 06:16:38] "GET /api/v1/relations HTTP/1.1" 200 -
2026-06-01 06:16:38,728 INFO sqlalchemy.engine.Engine BEGIN (implicit)
2026-06-01 06:16:38,728 INFO sqlalchemy.engine.Engine SELECT * FROM cc_ObjAttDes WHERE bk_obj_id = ? ORDER BY bk_property_index
2026-06-01 06:16:38,728 INFO sqlalchemy.engine.Engine [cached since 2081s ago] ('bk_slb_listener',)
2026-06-01 06:16:38,729 INFO sqlalchemy.engine.Engine ROLLBACK
127.0.0.1 - - [01/Jun/2026 06:16:38] "GET /api/v1/models/bk_slb_listener/attributes HTTP/1.1" 200 -
2026-06-01 06:16:38,803 INFO sqlalchemy.engine.Engine BEGIN (implicit)
2026-06-01 06:16:38,803 INFO sqlalchemy.engine.Engine SELECT * FROM "cc_ObjectBase_0_pub_bk_slb_listener" ORDER BY id LIMIT ? OFFSET ?
2026-06-01 06:16:38,804 INFO sqlalchemy.engine.Engine [cached since 1301s ago] (100, 0)
2026-06-01 06:16:38,804 INFO sqlalchemy.engine.Engine ROLLBACK
2026-06-01 06:16:38,804 INFO sqlalchemy.engine.Engine BEGIN (implicit)
2026-06-01 06:16:38,805 INFO sqlalchemy.engine.Engine SELECT COUNT(*) as total FROM "cc_ObjectBase_0_pub_bk_slb_listener"
2026-06-01 06:16:38,805 INFO sqlalchemy.engine.Engine [cached since 1301s ago] ()
2026-06-01 06:16:38,805 INFO sqlalchemy.engine.Engine ROLLBACK
127.0.0.1 - - [01/Jun/2026 06:16:38] "GET /api/v1/models/bk_slb_listener/instances?page=1&page_size=100 HTTP/1.1" 200 -
2026-06-01 06:16:47,753 INFO sqlalchemy.engine.Engine BEGIN (implicit)
2026-06-01 06:16:47,753 INFO sqlalchemy.engine.Engine SELECT * FROM cc_ObjAttDes WHERE bk_obj_id = ? ORDER BY bk_property_index
2026-06-01 06:16:47,753 INFO sqlalchemy.engine.Engine [cached since 2090s ago] ('bk_slb_listener',)
2026-06-01 06:16:47,754 INFO sqlalchemy.engine.Engine ROLLBACK
127.0.0.1 - - [01/Jun/2026 06:16:47] "GET /api/v1/models/bk_slb_listener/attributes HTTP/1.1" 200 -
2026-06-01 06:16:47,832 INFO sqlalchemy.engine.Engine BEGIN (implicit)
2026-06-01 06:16:47,832 INFO sqlalchemy.engine.Engine SELECT config_key, config_value FROM user_custom WHERE user_name = ? AND config_key = ?
2026-06-01 06:16:47,832 INFO sqlalchemy.engine.Engine [cached since 2090s ago] ('admin', 'columns_bk_slb_listener')
2026-06-01 06:16:47,833 INFO sqlalchemy.engine.Engine ROLLBACK
127.0.0.1 - - [01/Jun/2026 06:16:47] "GET /api/usercustom/model/bk_slb_listener HTTP/1.1" 200 -
2026-06-01 06:16:47,837 INFO sqlalchemy.engine.Engine BEGIN (implicit)
2026-06-01 06:16:47,838 INFO sqlalchemy.engine.Engine SELECT * FROM cc_ObjAttDes WHERE bk_obj_id = ? ORDER BY bk_property_index
2026-06-01 06:16:47,838 INFO sqlalchemy.engine.Engine [cached since 2091s ago] ('bk_slb_listener',)
2026-06-01 06:16:47,838 INFO sqlalchemy.engine.Engine ROLLBACK
127.0.0.1 - - [01/Jun/2026 06:16:47] "GET /api/v1/models/bk_slb_listener/attributes HTTP/1.1" 200 -
2026-06-01 06:16:47,890 INFO sqlalchemy.engine.Engine BEGIN (implicit)
2026-06-01 06:16:47,890 INFO sqlalchemy.engine.Engine SELECT * FROM "cc_ObjectBase_0_pub_bk_slb_listener"WHERE "bk_health_check_type" IN (?) ORDER BY "id" DESC LIMIT ? OFFSET ?
2026-06-01 06:16:47,890 INFO sqlalchemy.engine.Engine [cached since 19.55s ago] ('TCP', 10, 0)
2026-06-01 06:16:47,890 INFO sqlalchemy.engine.Engine ROLLBACK
2026-06-01 06:16:47,891 INFO sqlalchemy.engine.Engine BEGIN (implicit)
2026-06-01 06:16:47,891 INFO sqlalchemy.engine.Engine SELECT COUNT(*) as total FROM "cc_ObjectBase_0_pub_bk_slb_listener" WHERE "bk_health_check_type" IN (?)
2026-06-01 06:16:47,891 INFO sqlalchemy.engine.Engine [cached since 19.55s ago] ('TCP',)
2026-06-01 06:16:47,891 INFO sqlalchemy.engine.Engine ROLLBACK
127.0.0.1 - - [01/Jun/2026 06:16:47] "POST /api/v1/models/bk_slb_listener/instances/search HTTP/1.1" 200 -
2026-06-01 06:16:47,905 INFO sqlalchemy.engine.Engine BEGIN (implicit)
2026-06-01 06:16:47,905 INFO sqlalchemy.engine.Engine SELECT config_key, config_value FROM user_custom WHERE user_name = ? AND config_key = ?
2026-06-01 06:16:47,905 INFO sqlalchemy.engine.Engine [cached since 2091s ago] ('admin', 'columns_bk_slb_listener')
2026-06-01 06:16:47,905 INFO sqlalchemy.engine.Engine ROLLBACK
127.0.0.1 - - [01/Jun/2026 06:16:47] "GET /api/usercustom/model/bk_slb_listener HTTP/1.1" 200 -
2026-06-01 06:16:48,131 INFO sqlalchemy.engine.Engine BEGIN (implicit)
2026-06-01 06:16:48,131 INFO sqlalchemy.engine.Engine SELECT * FROM "cc_ObjectBase_0_pub_bk_slb_listener"WHERE "bk_health_check_type" IN (?) ORDER BY "id" DESC LIMIT ? OFFSET ?
2026-06-01 06:16:48,131 INFO sqlalchemy.engine.Engine [cached since 19.79s ago] ('TCP', 10, 0)
2026-06-01 06:16:48,132 INFO sqlalchemy.engine.Engine ROLLBACK
2026-06-01 06:16:48,132 INFO sqlalchemy.engine.Engine BEGIN (implicit)
2026-06-01 06:16:48,132 INFO sqlalchemy.engine.Engine SELECT COUNT(*) as total FROM "cc_ObjectBase_0_pub_bk_slb_listener" WHERE "bk_health_check_type" IN (?)
2026-06-01 06:16:48,132 INFO sqlalchemy.engine.Engine [cached since 19.79s ago] ('TCP',)
2026-06-01 06:16:48,132 INFO sqlalchemy.engine.Engine ROLLBACK
127.0.0.1 - - [01/Jun/2026 06:16:48] "POST /api/v1/models/bk_slb_listener/instances/search HTTP/1.1" 200 -
2026-06-01 06:27:35,791 INFO sqlalchemy.engine.Engine ROLLBACK
127.0.0.1 - - [01/Jun/2026 06:27:35] "POST /api/usercustom/user/search HTTP/1.1" 200 -
2026-06-01 06:27:35,826 INFO sqlalchemy.engine.Engine BEGIN (implicit)
2026-06-01 06:27:35,827 INFO sqlalchemy.engine.Engine SELECT * FROM cc_ObjClassification ORDER BY id
2026-06-01 06:27:35,827 INFO sqlalchemy.engine.Engine [cached since 2748s ago] ()
2026-06-01 06:27:35,827 INFO sqlalchemy.engine.Engine ROLLBACK
2026-06-01 06:27:35,827 INFO sqlalchemy.engine.Engine BEGIN (implicit)
2026-06-01 06:27:35,828 INFO sqlalchemy.engine.Engine SELECT * FROM cc_ObjDes WHERE bk_classification_id = ? ORDER BY obj_sort_number
2026-06-01 06:27:35,828 INFO sqlalchemy.engine.Engine [cached since 2748s ago] ('bk_network',)
2026-06-01 06:27:35,828 INFO sqlalchemy.engine.Engine ROLLBACK
2026-06-01 06:27:35,828 INFO sqlalchemy.engine.Engine BEGIN (implicit)
2026-06-01 06:27:35,828 INFO sqlalchemy.engine.Engine SELECT * FROM cc_ObjDes WHERE bk_classification_id = ? ORDER BY obj_sort_number
2026-06-01 06:27:35,828 INFO sqlalchemy.engine.Engine [cached since 2748s ago] ('bk_host_manage',)
2026-06-01 06:27:35,829 INFO sqlalchemy.engine.Engine ROLLBACK
2026-06-01 06:27:35,829 INFO sqlalchemy.engine.Engine BEGIN (implicit)
2026-06-01 06:27:35,829 INFO sqlalchemy.engine.Engine SELECT * FROM cc_ObjDes WHERE bk_classification_id = ? ORDER BY obj_sort_number
2026-06-01 06:27:35,829 INFO sqlalchemy.engine.Engine [cached since 2748s ago] ('bk_loadbalance',)
2026-06-01 06:27:35,829 INFO sqlalchemy.engine.Engine ROLLBACK
127.0.0.1 - - [01/Jun/2026 06:27:35] "POST /api/v1/classifications/find/classificationobject HTTP/1.1" 200 -
2026-06-01 06:27:49,828 INFO sqlalchemy.engine.Engine ROLLBACK
127.0.0.1 - - [01/Jun/2026 06:27:49] "POST /api/usercustom/user/search HTTP/1.1" 200 -
2026-06-01 06:27:50,075 INFO sqlalchemy.engine.Engine BEGIN (implicit)
2026-06-01 06:27:50,075 INFO sqlalchemy.engine.Engine SELECT * FROM cc_ObjClassification ORDER BY id
2026-06-01 06:27:50,075 INFO sqlalchemy.engine.Engine [cached since 2762s ago] ()
2026-06-01 06:27:50,076 INFO sqlalchemy.engine.Engine ROLLBACK
2026-06-01 06:27:50,076 INFO sqlalchemy.engine.Engine BEGIN (implicit)
2026-06-01 06:27:50,076 INFO sqlalchemy.engine.Engine SELECT * FROM cc_ObjDes WHERE bk_classification_id = ? ORDER BY obj_sort_number
2026-06-01 06:27:50,076 INFO sqlalchemy.engine.Engine [cached since 2762s ago] ('bk_network',)
2026-06-01 06:27:50,076 INFO sqlalchemy.engine.Engine ROLLBACK
2026-06-01 06:27:50,077 INFO sqlalchemy.engine.Engine BEGIN (implicit)
2026-06-01 06:27:50,077 INFO sqlalchemy.engine.Engine SELECT * FROM cc_ObjDes WHERE bk_classification_id = ? ORDER BY obj_sort_number
2026-06-01 06:27:50,077 INFO sqlalchemy.engine.Engine [cached since 2762s ago] ('bk_host_manage',)
2026-06-01 06:27:50,077 INFO sqlalchemy.engine.Engine ROLLBACK
2026-06-01 06:27:50,077 INFO sqlalchemy.engine.Engine BEGIN (implicit)
2026-06-01 06:27:50,077 INFO sqlalchemy.engine.Engine SELECT * FROM cc_ObjDes WHERE bk_classification_id = ? ORDER BY obj_sort_number
2026-06-01 06:27:50,077 INFO sqlalchemy.engine.Engine [cached since 2762s ago] ('bk_loadbalance',)
2026-06-01 06:27:50,078 INFO sqlalchemy.engine.Engine ROLLBACK
127.0.0.1 - - [01/Jun/2026 06:27:50] "POST /api/v1/classifications/find/classificationobject HTTP/1.1" 200 -
